1.410664749145507812e+01,1.660760498046875000e+01
-3.604167938232421875e+01,1.415294170379638672e+01
-2.438751411437988281e+01,-2.833584403991699219e+01
-2.433056259155273438e+01,-2.830722427368164062e+01
-1.483349227905273438e+01,2.957403182983398438e+01
-1.305443191528320312e+01,2.391781616210937500e+01
-3.522235107421875000e+01,-8.775511741638183594e+00
-2.967937278747558594e+01,5.357155323028564453e+00
-1.769005775451660156e+01,3.296068668365478516e+00
-1.493422794342041016e+01,2.570562934875488281e+01
-1.790061378479003906e+01,-1.168002319335937500e+01
-1.616335105895996094e+01,-1.385463523864746094e+01
-1.517236709594726562e+01,-1.135689163208007812e+01
-1.574444484710693359e+01,-1.148245143890380859e+01
-1.681426620483398438e+01,-1.321622180938720703e+01
-1.581455230712890625e+01,-1.320943260192871094e+01
-1.570526885986328125e+01,-1.237430000305175781e+01
-1.463852691650390625e+01,-1.209569168090820312e+01
-1.412258434295654297e+01,-1.151505374908447266e+01
-2.853977775573730469e+01,1.166578197479248047e+01
-1.513770008087158203e+01,8.674506187438964844e+00
-2.431196594238281250e+01,1.642403793334960938e+01
-1.211294460296630859e+01,3.068710708618164062e+01
-5.046520233154296875e+00,3.123407936096191406e+01
-1.906982612609863281e+01,-9.874864578247070312e+00
-2.450648498535156250e+01,-9.716608047485351562e+00
-2.493426132202148438e+01,2.074206161499023438e+01
-8.764189720153808594e+00,3.254744338989257812e+01
-6.103972434997558594e+00,6.097826004028320312e+00
-1.069586849212646484e+01,3.116322517395019531e+01
-6.948598384857177734e+00,3.087400054931640625e+01
1.415281105041503906e+01,1.660597801208496094e+01
-9.415805816650390625e+00,3.126472473144531250e+01
-1.670700454711914062e+01,8.935656398534774780e-02
-1.840708351135253906e+01,-2.048446655273437500e+00
-1.762096595764160156e+01,-1.102165341377258301e+00
-1.719821166992187500e+01,-2.144964039325714111e-01
-1.701774597167968750e+01,1.010931134223937988e+00
-1.702017402648925781e+01,1.251613855361938477e+00
-1.654631805419921875e+01,1.302949309349060059e+00
-1.799712371826171875e+01,1.364149212837219238e+00
-1.819971656799316406e+01,1.039217233657836914e+00
-1.847234153747558594e+01,6.110750436782836914e-01
-3.359328842163085938e+01,-1.065556812286376953e+01
-3.734245300292968750e+01,-1.288277816772460938e+01
-3.318976211547851562e+01,-1.561628437042236328e+01
-3.303147125244140625e+01,-1.580459499359130859e+01
-3.397809982299804688e+01,-1.699379920959472656e+01
-2.853098297119140625e+01,-1.557042407989501953e+01
-3.708223342895507812e+01,-1.135683059692382812e+01
-1.178879833221435547e+01,3.366161346435546875e+01
-7.881188392639160156e+00,3.098761177062988281e+01
-4.675896167755126953e+00,2.835228157043457031e+01
-3.683229827880859375e+01,2.325529479980468750e+01
-3.815770339965820312e+01,9.800295829772949219e+00
-1.332027912139892578e+01,2.870794296264648438e+01
-1.218514823913574219e+01,2.858016777038574219e+01
-3.655656814575195312e+01,1.267250537872314453e+01
-2.992133522033691406e+01,-6.746779441833496094e+00
-2.950252723693847656e+01,9.196806907653808594e+00
2.498062515258789062e+01,6.672803878784179688e+00
-3.466664886474609375e+01,3.564404964447021484e+00
-3.430564880371093750e+01,9.752563476562500000e+00
-5.226165294647216797e+00,1.527337837219238281e+01
-4.723526477813720703e+00,1.596060657501220703e+01
-4.821408271789550781e+00,1.470912933349609375e+01
-1.477664852142333984e+01,3.157089614868164062e+01
-1.435523891448974609e+01,2.603958129882812500e+01
-1.154171562194824219e+01,2.616285705566406250e+01
-2.214486122131347656e+01,-1.738390731811523438e+01
-3.369654464721679688e+01,1.360242748260498047e+01
-3.421430587768554688e+01,1.867274093627929688e+01
-3.408026504516601562e+01,1.506794643402099609e+01
-3.257838821411132812e+01,1.142445659637451172e+01
-3.047860145568847656e+01,-1.050005722045898438e+01
-3.042534446716308594e+01,-1.013886737823486328e+01
-3.221961212158203125e+01,3.007247686386108398e+00
-3.057450294494628906e+01,2.723062324523925781e+01
-3.052756690979003906e+01,2.726723098754882812e+01
-5.335000038146972656e+00,1.319024085998535156e+01
-3.053555965423583984e+00,1.566644287109375000e+01
-2.226688623428344727e+00,1.597193527221679688e+01
-4.293774604797363281e+00,1.275952148437500000e+01
-3.424747467041015625e+00,1.118379688262939453e+01
-2.554355144500732422e+00,1.296657657623291016e+01
-3.028478145599365234e+00,1.274148654937744141e+01
-2.386679649353027344e+00,1.529481315612792969e+01
-2.511959552764892578e+00,1.421508789062500000e+01
-2.025150299072265625e+00,1.609557533264160156e+01
-3.621541261672973633e+00,1.295910549163818359e+01
-3.115390062332153320e+00,1.382094192504882812e+01
-3.727919816970825195e+00,1.229192924499511719e+01
-2.906465530395507812e+00,1.219138336181640625e+01
-4.400957107543945312e+00,1.172964000701904297e+01
-1.992848753929138184e+00,1.216910934448242188e+01
-2.280994176864624023e+00,1.365983486175537109e+01
-1.605064630508422852e+00,1.261316204071044922e+01
-2.008752584457397461e+00,1.324958896636962891e+01
-3.785315275192260742e+00,1.386223888397216797e+01
-1.934373617172241211e+00,1.441766452789306641e+01
-1.284123063087463379e+00,1.393852806091308594e+01
-1.618484115600585938e+01,-6.969727993011474609e+00
-1.615954589843750000e+01,-7.032068729400634766e+00
-3.353781509399414062e+01,1.197447490692138672e+01
-1.234565162658691406e+01,1.494586658477783203e+01
-9.482639312744140625e+00,3.368039703369140625e+01
-3.183811569213867188e+01,1.478942203521728516e+01
-2.289871454238891602e+00,1.710975837707519531e+01
-2.574582290649414062e+01,1.420081424713134766e+01
-2.007246398925781250e+01,-1.318257617950439453e+01
-3.591304397583007812e+01,1.824406242370605469e+01
-1.535067272186279297e+01,-9.763307571411132812e+00
-1.315830039978027344e+01,-9.751834869384765625e+00
-3.851020812988281250e+01,-1.115745735168457031e+01
-1.423767948150634766e+01,1.966588592529296875e+01
-3.989967727661132812e+01,1.356275939941406250e+01
-3.989967727661132812e+01,1.356275939941406250e+01
-1.781215858459472656e+01,-1.389398193359375000e+01
-1.584281253814697266e+01,-1.433962917327880859e+01
-1.512170696258544922e+01,-1.588439655303955078e+01
-2.826007080078125000e+01,1.137263870239257812e+01
-1.118219661712646484e+01,8.092875480651855469e+00
-4.049525451660156250e+01,1.469577789306640625e+01
-7.214591026306152344e+00,3.349828338623046875e+01
-3.989967727661132812e+01,1.356275939941406250e+01
-7.691988945007324219e+00,2.584242439270019531e+01
-7.646576404571533203e+00,2.526617240905761719e+01
-1.059247970581054688e+01,2.486330604553222656e+01
-8.493573188781738281e+00,2.364617919921875000e+01
-1.554028129577636719e+01,2.754868316650390625e+01
-3.632085800170898438e+01,1.632927322387695312e+01
-4.041702651977539062e+01,1.356522846221923828e+01
-3.484941864013671875e+01,-9.676750183105468750e+00
-3.355583190917968750e+01,-1.385535812377929688e+01
-3.389472961425781250e+01,-7.802327156066894531e+00
-3.020930480957031250e+01,7.987211704254150391e+00
-3.766739273071289062e+01,-9.060777664184570312e+00
-3.018526077270507812e+01,8.790655136108398438e+00
-3.393525314331054688e+01,-2.150133132934570312e+00
-2.469126129150390625e+01,1.466309452056884766e+01
-3.237091064453125000e+01,1.354175209999084473e+00
-7.498214244842529297e+00,2.963722419738769531e+01
-3.790470123291015625e+01,-1.245481300354003906e+01
-4.186993026733398438e+01,1.415700912475585938e+01
-6.979972362518310547e+00,-1.553509616851806641e+01
-2.973993682861328125e+01,-1.258973503112792969e+01
-3.950262069702148438e+01,1.952870178222656250e+01
-1.755660629272460938e+01,-1.473179531097412109e+01
-1.513612174987792969e+01,-1.563841915130615234e+01
-1.692850494384765625e+01,2.511125183105468750e+01
-3.120568275451660156e+01,2.021669769287109375e+01
-4.214299011230468750e+01,1.584648704528808594e+01
-2.887954711914062500e+01,-8.796241760253906250e+00
-3.328335189819335938e+01,1.656965255737304688e+01
-3.175643157958984375e+01,9.629962921142578125e+00
-2.301691818237304688e+01,-1.203170204162597656e+01
-3.072654342651367188e+01,2.287565231323242188e+01
-9.114880561828613281e+00,3.037316703796386719e+01
-8.188001632690429688e+00,2.240675354003906250e+01
-1.070629310607910156e+01,2.958853149414062500e+01
-3.729899215698242188e+01,1.141937637329101562e+01
-3.208620834350585938e+01,4.037004947662353516e+00
-3.107805824279785156e+01,-7.793086767196655273e-02
-2.173367118835449219e+01,-1.201132774353027344e+01
-3.778181457519531250e+01,1.965043830871582031e+01
-3.609273910522460938e+01,-1.108419704437255859e+01
-4.074715805053710938e+01,-1.328853416442871094e+01
-3.227617645263671875e+01,-7.867618083953857422e+00
-1.465080928802490234e+01,5.860955238342285156e+00
-2.012483215332031250e+01,-6.650537490844726562e+00
-1.852139282226562500e+01,-6.185224056243896484e+00
-1.798396301269531250e+01,-5.844324111938476562e+00
-1.263733768463134766e+01,2.551262283325195312e+01
-3.555679559707641602e+00,2.655133056640625000e+01
-9.969330787658691406e+00,1.713491821289062500e+01
-9.904691696166992188e+00,1.705792427062988281e+01
-1.017514991760253906e+01,1.741614913940429688e+01
-4.947761058807373047e+00,7.855710506439208984e+00
-3.284157562255859375e+01,1.417344570159912109e+01
-2.824837303161621094e+01,6.084658622741699219e+00
-3.464713668823242188e+01,1.412998771667480469e+01
-1.184948062896728516e+01,-2.807215213775634766e+00
-1.749442481994628906e+01,2.176068115234375000e+01
-3.943462753295898438e+01,1.550783443450927734e+01
-3.393943405151367188e+01,-1.991540312767028809e+00
-2.710210800170898438e+01,1.218069648742675781e+01
-1.974296188354492188e+01,2.767549133300781250e+01
-3.526247024536132812e+01,2.418397331237792969e+01
-3.143080711364746094e+01,6.171048164367675781e+00
-6.724481105804443359e+00,2.711926651000976562e+01
-3.454541397094726562e+01,1.133942890167236328e+01
-3.682183074951171875e+01,6.970137119293212891e+00
-3.101849746704101562e+01,1.452265143394470215e+00
-2.120731544494628906e+01,1.503630352020263672e+01
-2.163125610351562500e+01,9.880118370056152344e+00
-1.727889633178710938e+01,1.942245864868164062e+01
-4.767229080200195312e+00,3.139896011352539062e+01
-3.262266540527343750e+01,-1.238411712646484375e+01
-3.339042282104492188e+01,-1.306984806060791016e+01
-3.455983734130859375e+01,-1.345260715484619141e+01
-3.211880111694335938e+01,-1.387790298461914062e+01
-2.798716545104980469e+01,4.736758708953857422e+00
-2.174418258666992188e+01,-2.550734281539916992e+00
-3.347380447387695312e+01,8.588739395141601562e+00
-4.089841079711914062e+01,-1.130937385559082031e+01
-6.440510749816894531e+00,2.515896034240722656e+01
-2.439935111999511719e+01,-1.526551055908203125e+01
-4.196820831298828125e+01,-1.466502285003662109e+01
-3.496617126464843750e+01,1.204635143280029297e+01
-3.333956146240234375e+01,-7.903499603271484375e+00
-3.534261703491210938e+01,2.249096107482910156e+01
-3.215457534790039062e+01,-1.714389228820800781e+01
-5.934572696685791016e+00,2.785491943359375000e+01
-2.980030441284179688e+01,5.448359012603759766e+00
-3.997866821289062500e+01,-1.649041175842285156e+01
-1.116123390197753906e+01,2.097706413269042969e+01
-4.219015502929687500e+01,1.587268352508544922e+01
-3.092537879943847656e+01,-1.294829273223876953e+01
-1.072099208831787109e+01,1.173622035980224609e+01
-1.269225788116455078e+01,2.687285614013671875e+01
-1.320551109313964844e+01,2.380979347229003906e+01
-1.218172836303710938e+01,2.758400154113769531e+01
-2.870172977447509766e+00,1.966589736938476562e+01
-2.316482216119766235e-01,-1.614633750915527344e+01
-9.430159568786621094e+00,2.833209991455078125e+01
-8.927805900573730469e+00,2.783792114257812500e+01
-1.003565597534179688e+01,2.610106086730957031e+01
-1.409858989715576172e+01,3.106284523010253906e+01
-3.543662261962890625e+01,8.352511405944824219e+00
-7.896348476409912109e+00,2.661100769042968750e+01
-9.841573715209960938e+00,2.892737770080566406e+01
-1.114873886108398438e+01,1.549447441101074219e+01
-3.487453079223632812e+01,-1.539795112609863281e+01
-4.798627853393554688e+00,6.145404338836669922e+00
-5.257901668548583984e+00,6.327382087707519531e+00
-1.913634681701660156e+01,-4.576240062713623047e+00
-2.931319808959960938e+01,2.076530647277832031e+01
-1.483960723876953125e+01,2.207130432128906250e+01
-3.863826370239257812e+01,-3.603825807571411133e+00
-1.051737308502197266e+01,2.182066345214843750e+01
-2.075050354003906250e+00,1.059674263000488281e+01
-3.174200820922851562e+01,2.068969345092773438e+01
-3.426113891601562500e+01,-1.146590518951416016e+01
-3.477142715454101562e+01,-1.421434593200683594e+01
-3.288397216796875000e+01,-1.225104808807373047e+01
-3.182404518127441406e+01,-1.177576160430908203e+01
-3.541462326049804688e+01,-1.294955062866210938e+01
-2.159756278991699219e+01,-1.037823486328125000e+01
-3.023418807983398438e+01,1.312863731384277344e+01
-3.601259613037109375e+01,8.003764152526855469e+00
-1.960757827758789062e+01,-1.652182388305664062e+01
-1.951721954345703125e+01,-1.694678878784179688e+01
2.787793874740600586e+00,-1.615997314453125000e+01
2.798051834106445312e+00,-1.622521400451660156e+01
-7.186148643493652344e+00,3.335785293579101562e+01
-3.275527191162109375e+01,5.781401157379150391e+00
-3.887852478027343750e+01,1.441425609588623047e+01
-2.306109046936035156e+01,-6.887009143829345703e-01
-4.093243789672851562e+01,-9.575125694274902344e+00
-1.745406341552734375e+01,1.985140991210937500e+01
-1.038998317718505859e+01,1.808690452575683594e+01
-3.651008987426757812e+01,-1.581935310363769531e+01
-2.944943237304687500e+01,-1.522428512573242188e+01
-3.664360046386718750e+01,-1.263927268981933594e+01
-3.021489715576171875e+01,-1.504732322692871094e+01
-3.592706298828125000e+01,1.243687152862548828e+01
-3.464713668823242188e+01,1.412998771667480469e+01
-2.823384094238281250e+01,1.550621509552001953e+01
-3.384448242187500000e+01,1.330345821380615234e+01
-2.625644874572753906e+01,3.270779132843017578e+00
-1.521717929840087891e+01,-7.800179004669189453e+00
-3.246857070922851562e+01,1.283535766601562500e+01
-1.319373893737792969e+01,2.955248260498046875e+01
-1.447449779510498047e+01,5.336389064788818359e+00
-1.073261547088623047e+01,7.004126548767089844e+00
-4.155243682861328125e+01,-1.296550273895263672e+01
-4.128584671020507812e+01,-1.327086830139160156e+01
-2.013050651550292969e+01,1.090590190887451172e+01
-3.241657257080078125e+01,3.951925754547119141e+00
-1.426947021484375000e+01,2.813854408264160156e+01
-3.149266242980957031e+01,1.783865571022033691e+00
8.192365616559982300e-02,-1.586521530151367188e+01
-1.492075729370117188e+01,2.197341156005859375e+01
-3.702539825439453125e+01,2.246437644958496094e+01
-3.126445007324218750e+01,2.020674896240234375e+01
-1.152211093902587891e+01,-1.376134872436523438e+01
-3.808499908447265625e+01,2.288567543029785156e+01
-6.060103893280029297e+00,2.931463050842285156e+01
-3.545717239379882812e+01,1.347789287567138672e+01
-4.243834304809570312e+01,-8.504473686218261719e+00
-1.301851558685302734e+01,3.901966810226440430e+00
-3.875209426879882812e+01,1.903424835205078125e+01
-5.234775543212890625e+00,2.641644287109375000e+01
-4.106942749023437500e+01,1.135135650634765625e+01
-2.609005928039550781e+01,5.854681730270385742e-01
-3.760775756835937500e+01,-9.124511718750000000e+00
-3.134508132934570312e+01,1.215929126739501953e+01
-1.652038764953613281e+01,6.277934551239013672e+00
2.919865417480468750e+01,4.198356151580810547e+00
-1.206666707992553711e+00,-1.913105010986328125e+01
-9.683059692382812500e+00,-1.561836910247802734e+01
-2.097034645080566406e+01,-6.766232490539550781e+00
-4.288209152221679688e+01,1.410552787780761719e+01
-3.863065338134765625e+01,1.904211235046386719e+01
-3.677432632446289062e+01,-3.876666724681854248e-01
-1.345564174652099609e+01,2.794257926940917969e+01
-2.107061147689819336e+00,2.372823905944824219e+01
-8.861566543579101562e+00,2.946092033386230469e+01
-8.934836387634277344e+00,2.350413894653320312e+01
-8.364791870117187500e+00,2.873298263549804688e+01
-1.224142074584960938e+01,-1.117067909240722656e+01
-2.104744720458984375e+01,-4.451408863067626953e+00
-2.373825645446777344e+01,-3.897685289382934570e+00
-2.307068443298339844e+01,3.284683227539062500e+01
-2.253012466430664062e+01,3.256128692626953125e+01
-2.162978363037109375e+01,3.223620223999023438e+01
-2.242402458190917969e+01,3.223987960815429688e+01
-2.260633087158203125e+01,3.189566040039062500e+01
-2.195995521545410156e+01,3.339343643188476562e+01
-2.173620414733886719e+01,3.409890747070312500e+01
-2.171783638000488281e+01,3.416838836669921875e+01
-2.253589248657226562e+01,3.300704193115234375e+01
-2.237640953063964844e+01,3.447547912597656250e+01
3.267169475555419922e+00,-1.664216613769531250e+01
-4.137129211425781250e+01,1.272250080108642578e+01
-3.467708587646484375e+01,1.749151802062988281e+01
-1.634065818786621094e+01,-1.971219444274902344e+01
-1.652334594726562500e+01,-1.861554145812988281e+01
-1.637213897705078125e+01,-1.972884750366210938e+01
-1.639948463439941406e+01,-2.011713218688964844e+01
-1.673355293273925781e+01,3.397068500518798828e+00
-3.461146926879882812e+01,1.230216693878173828e+01
-3.698554229736328125e+01,-6.496832370758056641e+00
-3.966044616699218750e+01,-1.189431381225585938e+01
-3.633932876586914062e+01,2.331031417846679688e+01
-3.359655618667602539e+00,1.767515754699707031e+01
-4.785010814666748047e+00,2.642172050476074219e+01
-3.593524169921875000e+01,-9.123647689819335938e+00
-2.367394065856933594e+01,-1.164617538452148438e+01
-1.429834556579589844e+01,3.095455932617187500e+01
-8.365190505981445312e+00,-1.878995704650878906e+01
-4.102837562561035156e+00,2.642978858947753906e+01
-2.803279304504394531e+01,4.064927577972412109e+00
-3.910934829711914062e+01,1.121644306182861328e+01
-2.344550514221191406e+01,-6.413284301757812500e+00
-2.741441154479980469e+01,-4.089982032775878906e+00
-2.109882354736328125e+01,1.385723209381103516e+01
-2.823386192321777344e+01,1.550615882873535156e+01
-1.645599174499511719e+01,1.768266105651855469e+01
-7.490754127502441406e+00,1.350385665893554688e+01
-1.385291671752929688e+01,1.851673316955566406e+01
-3.707290649414062500e+01,2.272989845275878906e+01
-3.438973999023437500e+01,1.785143470764160156e+01
-1.671975517272949219e+01,-3.551472187042236328e+00
-1.527304553985595703e+01,6.659946918487548828e+00
-8.996567726135253906e+00,-1.674330902099609375e+01
-8.421559333801269531e+00,-1.624291992187500000e+01
-8.543992042541503906e+00,-1.721899986267089844e+01
-8.648951530456542969e+00,-1.624734497070312500e+01
1.813976019620895386e-01,1.164845466613769531e+01
-8.415859222412109375e+00,-1.536657905578613281e+01
-1.017937946319580078e+01,-1.680678749084472656e+01
-3.328286361694335938e+01,8.191696166992187500e+00
-9.796240806579589844e+00,1.147844123840332031e+01
-9.733675003051757812e+00,1.131018829345703125e+01
-9.524447441101074219e+00,1.138067245483398438e+01
-1.200834465026855469e+01,2.929731559753417969e+01
-9.594013214111328125e+00,2.723766326904296875e+01
-3.960052108764648438e+01,-1.261965465545654297e+01
2.217824172973632812e+01,1.964761352539062500e+01
-1.373652648925781250e+01,1.822807502746582031e+01
-2.098611259460449219e+01,1.043040084838867188e+01
-3.309790039062500000e+01,1.041479015350341797e+01
-1.767401695251464844e+01,2.811526489257812500e+01
-3.533711242675781250e+01,-6.554849624633789062e+00
-1.201716518402099609e+01,2.387770271301269531e+01
-6.183193683624267578e+00,1.082236194610595703e+01
-4.720603942871093750e+00,-1.664741706848144531e+01
6.587251275777816772e-02,1.717439270019531250e+01
1.264472723007202148e+00,1.269069957733154297e+01
2.757239341735839844e-01,1.280828475952148438e+01
-8.054803609848022461e-01,1.530640602111816406e+01
-1.166536688804626465e+00,1.691845703125000000e+01
-2.252785712480545044e-01,1.471999549865722656e+01
1.901346594095230103e-01,1.550717830657958984e+01
1.071451544761657715e+00,1.432552909851074219e+01
-3.905840516090393066e-01,1.312117195129394531e+01
1.004590868949890137e+00,1.424914741516113281e+01
-4.721828937530517578e+00,1.038163661956787109e+01
-3.586182785034179688e+01,2.486043357849121094e+01
-2.001144981384277344e+01,2.424467086791992188e+01
-3.501322937011718750e+01,7.338223457336425781e+00
-3.154074859619140625e+01,9.747893333435058594e+00
-2.129162406921386719e+01,1.480535984039306641e+01
-4.031623458862304688e+01,-1.406271743774414062e+01
-2.157767868041992188e+01,2.257264518737792969e+01
-2.138522338867187500e+01,-6.809469223022460938e+00
-2.437197685241699219e+01,-1.525884246826171875e+01
-1.151133918762207031e+01,-1.451698207855224609e+01
-4.065968322753906250e+01,-1.440672683715820312e+01
-7.388964176177978516e+00,-1.771239280700683594e+01
-1.616792869567871094e+01,-1.225613784790039062e+01
-1.697106933593750000e+01,-9.658700942993164062e+00
-2.221089172363281250e+01,-3.929438829421997070e+00
-2.001929473876953125e+01,-1.470722484588623047e+01
-3.507625579833984375e+01,-1.240611839294433594e+01
-3.546578216552734375e+01,-1.385362911224365234e+01
-3.438246154785156250e+01,-1.417226886749267578e+01
-3.155073165893554688e+01,-1.310380935668945312e+01
-2.076347923278808594e+01,-2.171040153503417969e+01
-4.452395629882812500e+01,-1.129794597625732422e+01
-5.982468605041503906e+00,3.317513275146484375e+01
-4.031091690063476562e+01,-1.369154834747314453e+01
1.994022941589355469e+01,8.160538673400878906e+00
1.410215950012207031e+01,1.660954093933105469e+01
-3.700614166259765625e+01,1.707369613647460938e+01
-3.274988937377929688e+01,4.609042406082153320e-01
-3.585556793212890625e+01,8.070495605468750000e+00
-3.252205276489257812e+01,1.801897430419921875e+01
-2.891909790039062500e+01,1.045148015022277832e+00
-1.648554039001464844e+01,-1.195074844360351562e+01
-1.700203895568847656e+01,-1.095590114593505859e+01
-1.670731925964355469e+01,-1.037423419952392578e+01
-1.533541393280029297e+01,-1.005065441131591797e+01
-1.366042041778564453e+01,-1.047648811340332031e+01
-1.689976692199707031e+01,-1.450608348846435547e+01
-1.538498401641845703e+01,-1.501989841461181641e+01
-1.367528057098388672e+01,-1.073387050628662109e+01
-1.812946891784667969e+01,-1.344307231903076172e+01
-1.511728477478027344e+01,-1.077569484710693359e+01
-1.429085922241210938e+01,-9.991451263427734375e+00
-1.529875946044921875e+01,-1.210644721984863281e+01
-1.491673183441162109e+01,-1.304784107208251953e+01
-1.555178737640380859e+01,1.911907958984375000e+01
-2.341261672973632812e+01,-6.424583911895751953e+00
-3.276829910278320312e+01,5.259507179260253906e+00
-4.254363632202148438e+01,-8.475358009338378906e+00
-3.185126876831054688e+01,-1.017704248428344727e+00
-1.827637672424316406e+01,2.035545730590820312e+01
-7.894201755523681641e+00,7.513954162597656250e+00
-4.064428329467773438e+01,-1.621154975891113281e+01
-1.423754787445068359e+01,1.242985820770263672e+01
-2.581307983398437500e+01,1.928182029724121094e+01
-4.232656955718994141e+00,2.477489471435546875e+01
-3.973753738403320312e+01,-1.645305442810058594e+01
2.295104217529296875e+01,1.581270217895507812e+01
-1.822046279907226562e+01,2.041959381103515625e+01
-1.083615779876708984e+00,1.852282905578613281e+01
-3.620709228515625000e+01,2.017487907409667969e+01
-3.087199401855468750e+01,2.241402816772460938e+01
-5.668828010559082031e+00,1.226862525939941406e+01
-3.388147354125976562e+01,1.215878868103027344e+01
-3.318257141113281250e+01,-9.922072410583496094e+00
-3.060496711730957031e+01,-1.190497970581054688e+01
-3.398173904418945312e+01,3.180150508880615234e+00
-2.942378425598144531e+01,1.777084350585937500e+01
-1.573158454895019531e+01,3.133255958557128906e+01
-2.204939842224121094e+00,-1.626155662536621094e+01
-3.834211349487304688e+01,1.408255958557128906e+01
-4.268584060668945312e+01,1.505332469940185547e+01
-3.995357894897460938e+01,-1.009974765777587891e+01
-3.191474723815917969e+01,-2.483793944120407104e-01
-2.778201675415039062e+01,-1.336686015129089355e+00
-4.007616043090820312e+01,1.443725967407226562e+01
-3.508572387695312500e+01,1.707695484161376953e+00
-9.277662277221679688e+00,7.622447967529296875e+00
-2.253948974609375000e+01,-1.821530532836914062e+01
-2.189272499084472656e+01,-1.814446830749511719e+01
-2.190793800354003906e+01,-1.813263511657714844e+01
-2.031608772277832031e+01,-1.819897842407226562e+01
-2.038837432861328125e+01,-1.829194259643554688e+01
-1.970989418029785156e+01,-1.891899108886718750e+01
-1.780353355407714844e+01,-1.506297779083251953e+01
-2.061456298828125000e+01,-7.846482276916503906e+00
-1.217996120452880859e+01,3.112551879882812500e+01
-3.181179428100585938e+01,-9.776990890502929688e+00
-3.369448089599609375e+01,-1.140268230438232422e+01
-3.515677261352539062e+01,-1.073053932189941406e+01
-3.413708114624023438e+01,-1.085988616943359375e+01
-3.573246383666992188e+01,-1.011314773559570312e+01
-4.100320053100585938e+01,-9.254444122314453125e+00
-3.035559463500976562e+01,1.728709411621093750e+01
-3.941139221191406250e+01,1.841216278076171875e+01
-6.676536083221435547e+00,-1.792819404602050781e+01
-3.168305587768554688e+01,1.558486366271972656e+01
-2.839996147155761719e+01,-1.070263290405273438e+01
-3.457013320922851562e+01,3.918256998062133789e+00
-3.855121231079101562e+01,1.481178855895996094e+01
-3.247570800781250000e+01,-1.603763008117675781e+01
-3.849393463134765625e+01,1.256267166137695312e+01
-1.530696010589599609e+01,5.788943767547607422e+00
-3.469645690917968750e+01,1.273963356018066406e+01
-3.312279129028320312e+01,1.779242324829101562e+01
-3.959519577026367188e+01,-9.944917678833007812e+00
-3.093279838562011719e+01,1.229689121246337891e+01
-1.667290115356445312e+01,1.847944831848144531e+01
-2.766734504699707031e+01,-1.278612136840820312e+01
-5.054964065551757812e+00,2.161486053466796875e+01
-2.576289367675781250e+01,1.943128013610839844e+01
-1.327897930145263672e+01,-1.242883014678955078e+01
-1.601388359069824219e+01,-9.349112510681152344e+00
-3.843795394897460938e+01,1.551651000976562500e+01
-3.703866577148437500e+01,2.415270042419433594e+01
-4.452395629882812500e+01,-1.129794597625732422e+01
-3.620211791992187500e+01,1.085789871215820312e+01
-1.904258728027343750e+01,-1.267245578765869141e+01
-2.037368202209472656e+01,-7.035893797874450684e-01
-2.969637870788574219e+01,-8.006347656250000000e+00
-1.162788867950439453e+01,2.351206064224243164e+00
-9.029627799987792969e+00,1.032303333282470703e+01
-1.276998996734619141e+01,3.961465597152709961e+00
-2.763277626037597656e+01,-9.846434593200683594e+00
-3.388908386230468750e+01,1.217616176605224609e+01
-1.833377838134765625e+01,2.681258678436279297e+00
-2.444249725341796875e+01,1.563922977447509766e+01
-4.331500625610351562e+01,1.325360298156738281e+01
-3.413763046264648438e+01,1.769297027587890625e+01
-2.234423255920410156e+01,-3.852274417877197266e+00
-1.426404571533203125e+01,6.644151687622070312e+00
-5.695411682128906250e+00,1.810649490356445312e+01
-6.449126243591308594e+00,1.751977348327636719e+01
-3.448805618286132812e+01,-8.604731559753417969e+00
-1.998363876342773438e+01,-3.069757843017578125e+01
-3.768373489379882812e+00,2.903365325927734375e+01
-1.193810749053955078e+01,1.513180923461914062e+01
-3.050343132019042969e+01,-2.442337751388549805e+00
-3.322205352783203125e+01,-5.938938617706298828e+00
-4.013532638549804688e+01,-1.461960697174072266e+01
-8.426053047180175781e+00,2.754408264160156250e+01
-7.879613399505615234e+00,2.770473861694335938e+01
-7.980832099914550781e+00,2.508096885681152344e+01
-1.067821025848388672e+01,2.770429039001464844e+01
-9.711396217346191406e+00,2.773390388488769531e+01
-9.648041725158691406e+00,2.670128631591796875e+01
-1.068437290191650391e+01,2.650732994079589844e+01
-8.025744438171386719e+00,2.822950553894042969e+01
-9.650126457214355469e+00,2.553082656860351562e+01
-9.075896263122558594e+00,2.522032356262207031e+01
-8.662952423095703125e+00,2.673347091674804688e+01
-9.702364921569824219e+00,2.427169227600097656e+01
-8.624233245849609375e+00,2.599065208435058594e+01
-6.982360839843750000e+00,2.851001548767089844e+01
-3.487899017333984375e+01,6.606962203979492188e+00
-3.979912948608398438e+01,1.302187156677246094e+01
-2.561836624145507812e+01,1.424437522888183594e+01
-3.467878341674804688e+01,-1.186826896667480469e+01
-3.571915054321289062e+01,-1.472642898559570312e+01
-2.614859580993652344e+01,3.217567205429077148e+00
-3.726875686645507812e+01,-6.040832042694091797e+00
-3.259864044189453125e+01,-1.098180294036865234e+01
-8.104837417602539062e+00,2.125512886047363281e+01
-8.032093048095703125e+00,2.068199348449707031e+01
3.034827113151550293e-01,-1.142528438568115234e+01
-3.519981384277343750e+01,1.057100391387939453e+01
-5.549611091613769531e+00,1.836322021484375000e+01
-1.114878654479980469e+01,-1.315614032745361328e+01
-3.635292434692382812e+01,1.656794738769531250e+01
-6.811321258544921875e+00,2.374372100830078125e+01
-4.167298889160156250e+01,-1.543818283081054688e+01
-3.003278923034667969e+01,2.054000091552734375e+01
-1.746745109558105469e+01,3.256599187850952148e+00
-3.716722106933593750e+01,-1.007302570343017578e+01
-3.755559921264648438e+01,-1.670999908447265625e+01
-3.782815933227539062e+01,-1.672835350036621094e+01
-3.603691482543945312e+01,1.416364669799804688e+01
-1.173363208770751953e+01,3.358106231689453125e+01
-1.184948062896728516e+01,-2.807215213775634766e+00
-4.031203842163085938e+01,-6.223159313201904297e+00
-8.198520660400390625e+00,4.810706138610839844e+00
-4.519826889038085938e+00,-1.271741867065429688e+01
-4.215572357177734375e+00,-1.074787521362304688e+01
-4.355078697204589844e+00,-1.286672019958496094e+01
-4.092683792114257812e+00,-1.052401542663574219e+01
-5.287741184234619141e+00,-1.265953063964843750e+01
-1.309132957458496094e+01,-1.929676055908203125e+01
-1.307079505920410156e+01,-1.927044296264648438e+01
1.295373249053955078e+01,-6.733835697174072266e+00
1.528470802307128906e+01,-4.373065471649169922e+00
1.230308532714843750e+01,3.685906171798706055e+00
1.185132026672363281e+01,-5.664270401000976562e+00
1.237518215179443359e+01,3.587062835693359375e+00
1.169968795776367188e+01,-5.681006431579589844e+00
1.332521724700927734e+01,-7.562477111816406250e+00
9.594120979309082031e+00,-6.015632629394531250e+00
1.041308212280273438e+01,-5.917236804962158203e+00
1.271181392669677734e+01,-6.397859096527099609e+00
1.293328189849853516e+01,2.162585735321044922e+00
1.287766647338867188e+01,-6.602403163909912109e+00
1.514087867736816406e+01,-5.446641921997070312e+00
1.060522365570068359e+01,-7.474639892578125000e+00
9.104029655456542969e+00,-7.756145954132080078e+00
1.179033946990966797e+01,-7.538656711578369141e+00
1.580353355407714844e+01,-5.888317108154296875e+00
1.683373451232910156e+01,-6.108314037322998047e+00
9.609230041503906250e+00,-4.971091747283935547e+00
1.369071292877197266e+01,-5.711084365844726562e+00
1.298442077636718750e+01,-5.075075626373291016e+00
-7.029154300689697266e+00,-3.077722549438476562e+01
-6.980317592620849609e+00,-3.112348175048828125e+01
-7.127738952636718750e+00,-3.037234306335449219e+01
-6.744143486022949219e+00,-3.129461097717285156e+01
-2.513086199760437012e-01,-3.267376327514648438e+01
-1.440492421388626099e-01,-3.267451858520507812e+01
-4.230459630489349365e-01,-3.198007011413574219e+01
-1.012971997261047363e-02,-3.208177947998046875e+01
8.207654356956481934e-01,-3.128518104553222656e+01
1.336183071136474609e+01,-1.694881820678710938e+01
1.340007305145263672e+01,-1.686865425109863281e+01
-1.139778423309326172e+01,-8.964535713195800781e+00
3.185785055160522461e+00,2.965906333923339844e+01
7.661310195922851562e+00,3.020905303955078125e+01
6.801590919494628906e+00,2.607781600952148438e+01
8.501320838928222656e+00,2.982819938659667969e+01
7.825828552246093750e+00,2.961600685119628906e+01
8.891946792602539062e+00,3.006576538085937500e+01
1.135746097564697266e+01,-2.918450736999511719e+01
1.089693260192871094e+01,-2.989987945556640625e+01
1.123983764648437500e+01,-2.932455825805664062e+01
-1.515376949310302734e+01,9.986623525619506836e-01
-9.578918457031250000e+00,-2.160414505004882812e+01
-1.090864562988281250e+01,-2.834657478332519531e+01
-3.083173274993896484e+00,-2.518144607543945312e+01
-2.681474876403808594e+01,-2.311816406250000000e+01
-1.060971927642822266e+01,-2.811575508117675781e+01
2.921798706054687500e+01,-1.463710594177246094e+01
-1.035139369964599609e+01,-2.792878723144531250e+01
-9.611681938171386719e+00,-2.167992782592773438e+01
2.284990310668945312e+01,-1.789674949645996094e+01
2.392595863342285156e+01,-1.831800651550292969e+01
2.276401138305664062e+01,-1.801834297180175781e+01
9.717501640319824219e+00,-2.163667488098144531e+01
1.190794372558593750e+01,-2.076192474365234375e+01
1.230745124816894531e+01,-2.142535591125488281e+01
1.083926486968994141e+01,-2.040925598144531250e+01
1.194895458221435547e+01,-2.071178054809570312e+01
1.034605789184570312e+01,-1.875772476196289062e+01
1.266893291473388672e+01,-2.041135025024414062e+01
1.016237831115722656e+01,-2.058884048461914062e+01
1.080947875976562500e+01,-1.996108245849609375e+01
2.085077667236328125e+01,-4.459678173065185547e+00
9.843605995178222656e+00,-2.035952758789062500e+01
-5.149688243865966797e+00,-2.442848587036132812e+01
-5.655529975891113281e+00,-2.447127914428710938e+01
-5.981969833374023438e+00,-2.453316879272460938e+01
1.325876951217651367e+00,-2.606411933898925781e+01
1.825352907180786133e+00,-1.125511741638183594e+01
2.696970701217651367e+00,-1.219569015502929688e+01
1.680540680885314941e+00,-1.116225719451904297e+01
-2.486344337463378906e+00,-2.299710273742675781e+01
-2.396014213562011719e+00,-2.390426445007324219e+01
-4.088955879211425781e+00,-2.188184928894042969e+01
-2.472076177597045898e+00,-2.262210464477539062e+01
-4.091442108154296875e+00,-2.190787696838378906e+01
2.278453670442104340e-02,-1.307995414733886719e+01
2.973131656646728516e+00,-1.105340480804443359e+01
2.935154914855957031e+00,-9.822924613952636719e+00
1.572707772254943848e+00,-1.268041801452636719e+01
1.345380115509033203e+01,-7.019357085227966309e-01
1.295756244659423828e+01,-2.611979961395263672e+00
-6.788205146789550781e+00,4.318055152893066406e+00
-5.617109775543212891e+00,-7.062566757202148438e+00
-2.854178667068481445e+00,-5.393879890441894531e+00
9.547719001770019531e+00,-3.412269830703735352e+00
5.563865661621093750e+00,-4.790129661560058594e+00
1.361249351501464844e+01,-4.547646522521972656e+00
-5.344718098640441895e-01,5.259125232696533203e+00
1.384004688262939453e+01,-3.131090879440307617e+00
-2.652223825454711914e+00,9.062470436096191406e+00
1.142734766006469727e+00,-7.073871612548828125e+00
4.334763526916503906e+00,-6.764006137847900391e+00
1.246558856964111328e+01,-3.859988689422607422e+00
1.212848854064941406e+01,4.169191420078277588e-02
1.246454238891601562e+01,-2.477830648422241211e+00
1.104856586456298828e+01,-2.248113155364990234e+00
-3.894693374633789062e+00,-1.002112388610839844e+01
1.184423160552978516e+01,-1.512800335884094238e+00
3.234490633010864258e+00,-3.600161314010620117e+00
3.243440985679626465e-01,-7.622809886932373047e+00
-8.776676654815673828e-01,-1.510646820068359375e+00
5.159809112548828125e+00,-9.307088851928710938e+00
-4.895716667175292969e+00,-8.913732767105102539e-01
1.565653324127197266e+01,9.389896392822265625e+00
3.467628717422485352e+00,-1.157061100006103516e+01
5.370109558105468750e+00,-6.487833499908447266e+00
6.934632778167724609e+00,-5.307737350463867188e+00
5.218627452850341797e+00,3.648370981216430664e+00
3.029225826263427734e+00,-5.037991046905517578e+00
6.419104576110839844e+00,1.901145100593566895e+00
-8.414501547813415527e-01,-9.820000648498535156e+00
1.326954364776611328e+01,-1.064424037933349609e+00
1.303140258789062500e+01,-4.966443538665771484e+00
4.235691547393798828e+00,-1.357687282562255859e+01
-1.090445232391357422e+01,2.019806385040283203e+00
-5.079944133758544922e+00,-1.157462120056152344e+00
8.176103234291076660e-01,-7.670499324798583984e+00
-4.907425045967102051e-01,-7.393616676330566406e+00
-8.631308555603027344e+00,-2.811532258987426758e+00
7.625160694122314453e+00,-4.595408916473388672e+00
1.086496448516845703e+01,-5.248916149139404297e+00
1.323761749267578125e+01,-7.408377528190612793e-01
1.059683990478515625e+01,1.519882120192050934e-02
5.897337436676025391e+00,-5.269330978393554688e+00
1.149453830718994141e+01,-4.454633712768554688e+00
2.928193092346191406e+00,-5.173180580139160156e+00
1.233898258209228516e+01,-4.165288448333740234e+00
1.255462646484375000e+00,-5.074060440063476562e+00
1.104677867889404297e+01,-3.217282533645629883e+00
5.900921225547790527e-01,-1.074820804595947266e+01
2.861567497253417969e+00,-2.897937297821044922e+00
2.632196903228759766e+00,-1.043361663818359375e+01
7.954627275466918945e-02,-6.501624584197998047e+00
-2.391551017761230469e+00,-6.224630832672119141e+00
5.726595878601074219e+00,-1.088707447052001953e+01
1.109027481079101562e+01,-8.075760841369628906e+00
5.233600363135337830e-02,-7.177742004394531250e+00
5.437897205352783203e+00,-7.313525676727294922e+00
8.542542457580566406e+00,-1.440406441688537598e+00
-2.853534698486328125e+01,-2.314665985107421875e+01
-2.886828804016113281e+01,-2.325581741333007812e+01
-1.215966701507568359e+01,-2.992360305786132812e+01
-2.740898704528808594e+01,-2.258826637268066406e+01
-2.748088455200195312e+01,-2.166553878784179688e+01
-1.113804936408996582e+00,-2.441217803955078125e+01
-1.295889186859130859e+01,-2.947871398925781250e+01
-2.708763694763183594e+01,-2.168778228759765625e+01
1.354431986808776855e+00,-2.605448913574218750e+01
1.353929758071899414e+00,-2.604509735107421875e+01
-1.106955885887145996e+00,-2.555151748657226562e+01
-1.392063021659851074e+00,-2.705180168151855469e+01
-2.859979629516601562e+00,-2.681606101989746094e+01
-9.014371633529663086e-01,-2.617726707458496094e+01
-3.049432754516601562e+00,-2.684998703002929688e+01
-1.261231899261474609e+00,-2.639211463928222656e+01
-2.006801605224609375e+00,-2.512488937377929688e+01
2.347370338439941406e+01,-9.245566368103027344e+00
-1.343987274169921875e+01,-1.651045989990234375e+01
-1.300565433502197266e+01,-2.303842926025390625e+01
-2.643051719665527344e+01,-2.094232559204101562e+01
-1.301796913146972656e+01,-2.303992271423339844e+01
-6.156171798706054688e+00,-1.519597530364990234e+01
-9.607276320457458496e-01,-7.758278846740722656e+00
-3.767418622970581055e+00,5.979243755340576172e+00
-4.855372428894042969e+00,-2.531752586364746094e-01
-4.643195152282714844e+00,-1.477834129333496094e+01
5.380502700805664062e+00,-3.777524709701538086e+00
-6.163218498229980469e+00,-1.574312210083007812e+00
-4.804857254028320312e+00,-1.834934473037719727e+00
3.068206310272216797e+00,-1.242242622375488281e+01
-6.740667819976806641e-01,-4.844063282012939453e+00
-1.780400657653808594e+01,2.256517028808593750e+01
-8.177152872085571289e-01,-1.464864134788513184e+00
2.873548507690429688e+00,6.909632205963134766e+00
9.396189689636230469e+00,-6.277036190032958984e+00
1.522970318794250488e+00,1.866315126419067383e+00
1.804000377655029297e+00,-8.793377876281738281e+00
1.012476348876953125e+01,5.856775045394897461e-01
-2.342931365966796875e+01,-1.856560897827148438e+01
1.172401523590087891e+01,-2.515234565734863281e+01
1.199993991851806641e+01,-2.544170570373535156e+01
1.075372886657714844e+01,-2.660222434997558594e+01
1.148710536956787109e+01,-2.537430000305175781e+01
1.162932491302490234e+01,-2.562629508972167969e+01
1.133486175537109375e+01,-2.685210990905761719e+01
1.148167133331298828e+01,-2.729586601257324219e+01
-5.465440750122070312e-01,-3.428474807739257812e+01
-1.964391469955444336e-01,-3.840651321411132812e+01
-9.465979039669036865e-02,-3.921728515625000000e+01
-9.528416395187377930e-01,-4.020951843261718750e+01
-8.757891058921813965e-01,-4.011296463012695312e+01
4.058583974838256836e-01,-4.010983657836914062e+01
1.679584383964538574e-01,-3.939494705200195312e+01
-1.016842365264892578e+00,-4.007971572875976562e+01
-1.020558476448059082e+00,-3.951813888549804688e+01
1.348328471183776855e+00,-3.996304321289062500e+01
9.841597676277160645e-01,-3.927730178833007812e+01
1.102182626724243164e+00,-3.860198593139648438e+01
1.694833636283874512e+00,-3.817363357543945312e+01
5.270096302032470703e+00,2.809336280822753906e+01
7.142185211181640625e+00,2.755654144287109375e+01
4.371593475341796875e+00,2.782260322570800781e+01
4.586666107177734375e+00,2.786181449890136719e+01
1.039249610900878906e+01,2.766143035888671875e+01
8.144490242004394531e+00,2.774487495422363281e+01
6.354811668395996094e+00,2.784119796752929688e+01
1.095761966705322266e+01,2.509985542297363281e+01
1.111480903625488281e+01,2.584548568725585938e+01
1.130532360076904297e+01,2.582140350341796875e+01
1.001960945129394531e+01,2.675391197204589844e+01
7.374421596527099609e+00,2.778879165649414062e+01
9.474162101745605469e+00,2.691511154174804688e+01
8.257385253906250000e+00,2.855462074279785156e+01
1.882625937461853027e+00,2.968405532836914062e+01
2.175343275070190430e+00,2.952642059326171875e+01
2.052618980407714844e+00,2.929224777221679688e+01
4.509056091308593750e+01,-2.303075075149536133e+00
4.442418289184570312e+01,-3.114565372467041016e+00
4.940256118774414062e+01,-1.050235271453857422e+00
4.913772964477539062e+01,1.148970031738281250e+01
3.215026855468750000e+01,1.565216541290283203e+01
4.651673507690429688e+01,-8.955705642700195312e+00
4.236034774780273438e+01,6.457778930664062500e+00
3.402546310424804688e+01,7.780328750610351562e+00
2.883999252319335938e+01,1.028869390487670898e+00
4.251714324951171875e+01,-1.544727683067321777e-01
4.372171020507812500e+01,1.213624572753906250e+01
3.302417373657226562e+01,-1.936772823333740234e+00
4.481108093261718750e+01,-1.143803310394287109e+01
3.505763626098632812e+01,-6.393671035766601562e+00
4.124608230590820312e+01,-4.001418590545654297e+00
3.621553421020507812e+01,7.829744815826416016e-01
5.764294433593750000e+01,6.075334072113037109e+00
3.151050186157226562e+01,-1.888498425483703613e+00
3.328997802734375000e+01,-1.230402112007141113e+00
3.698789215087890625e+01,-3.069093465805053711e+00
3.470260620117187500e+01,-1.113218498229980469e+01
3.956018066406250000e+01,3.361327886581420898e+00
4.729353332519531250e+01,6.481726646423339844e+00
4.222197723388671875e+01,-7.073299407958984375e+00
5.096467971801757812e+01,3.311193943023681641e+00
2.628817176818847656e+01,1.624201011657714844e+01
5.802779006958007812e+01,8.461625099182128906e+00
4.119236373901367188e+01,-1.094562816619873047e+01
2.516802024841308594e+01,1.317204761505126953e+01
3.831008148193359375e+01,1.245921134948730469e+01
3.820608139038085938e+01,1.236086940765380859e+01
3.232642745971679688e+01,1.562177562713623047e+01
4.938181304931640625e+01,-1.043643593788146973e+00
4.294802474975585938e+01,-1.318278694152832031e+01
4.316231918334960938e+01,1.023955726623535156e+01
4.010641098022460938e+01,7.809183597564697266e+00
5.590803909301757812e+01,6.204898357391357422e+00
2.950577354431152344e+01,-7.528731822967529297e+00
2.939385414123535156e+01,1.735851860046386719e+01
3.490253829956054688e+01,-9.001616477966308594e+00
4.417295455932617188e+01,3.632420063018798828e+00
4.604691314697265625e+01,-6.499124050140380859e+00
3.011174392700195312e+01,1.255966377258300781e+01
3.475275802612304688e+01,5.601732254028320312e+00
2.894171142578125000e+01,1.027174186706542969e+01
3.697327804565429688e+01,5.315923690795898438e+00
3.317020797729492188e+01,-5.955357551574707031e-01
3.579866409301757812e+01,-4.625258147716522217e-01
2.346819686889648438e+01,-9.266738891601562500e+00
3.515910720825195312e+01,2.109509229660034180e+00
3.699549865722656250e+01,2.988438129425048828e+00
5.609244537353515625e+01,6.774601936340332031e+00
5.005382156372070312e+01,3.300843954086303711e+00
5.093857192993164062e+01,3.264845609664916992e+00
2.935335540771484375e+01,1.469303035736083984e+01
4.407951354980468750e+01,-1.154079055786132812e+01
3.519433975219726562e+01,4.695856094360351562e+00
3.866110992431640625e+01,1.462352085113525391e+01
3.873465347290039062e+01,1.514022159576416016e+01
3.974491882324218750e+01,1.456924343109130859e+01
3.908708572387695312e+01,1.495190048217773438e+01
3.926421356201171875e+01,1.522084236145019531e+01
3.924605941772460938e+01,1.546417236328125000e+01
2.670890808105468750e+01,1.274004840850830078e+01
3.973802566528320312e+01,7.304300785064697266e+00
3.973441839218139648e+00,-1.049468994140625000e+01
2.819881439208984375e+01,1.455760002136230469e+01
3.901075744628906250e+01,5.111787796020507812e+00
4.349959945678710938e+01,-8.898000717163085938e+00
2.703888130187988281e+01,1.325382900238037109e+01
3.616850280761718750e+01,5.616575241088867188e+00
4.017124938964843750e+01,1.319115757942199707e+00
5.602316284179687500e+01,7.344780445098876953e+00
3.969659042358398438e+01,-1.667823314666748047e+00
5.615962600708007812e+01,8.685836791992187500e+00
3.128784942626953125e+01,1.212113094329833984e+01
3.477657318115234375e+01,2.891121149063110352e+00
5.652933883666992188e+01,8.132626533508300781e+00
5.690183258056640625e+01,5.636715888977050781e+00
3.576019668579101562e+01,1.924523472785949707e+00
2.670671844482421875e+01,6.871159553527832031e+00
5.678779602050781250e+01,6.366629600524902344e+00
3.757477188110351562e+01,5.406228542327880859e+00
3.539101409912109375e+01,-5.808249950408935547e+00
2.686734962463378906e+01,3.261167287826538086e+00
1.559148120880126953e+01,3.327262103557586670e-01
5.507484436035156250e+01,8.575091361999511719e+00
3.480513000488281250e+01,6.225932240486145020e-01
2.681137466430664062e+01,1.386918354034423828e+01
3.546245956420898438e+01,1.047702693939208984e+01
2.725168228149414062e+01,-2.304542779922485352e+00
3.449206161499023438e+01,-9.039132118225097656e+00
3.975558471679687500e+01,-6.044967651367187500e+00
5.839296722412109375e+01,6.174044132232666016e+00
2.926510238647460938e+01,3.810254037380218506e-01
4.425256347656250000e+01,-1.442492866516113281e+01
2.538173675537109375e+01,1.756569290161132812e+01
3.288520050048828125e+01,5.660839080810546875e+00
4.378556823730468750e+01,-6.407883167266845703e+00
2.868528747558593750e+01,2.911217212677001953e+00
4.082412719726562500e+01,1.670125484466552734e+00
3.605695724487304688e+01,-6.709865093231201172e+00
3.875147247314453125e+01,6.012496471405029297e+00
2.796587944030761719e+01,1.314282989501953125e+01
3.540202713012695312e+01,8.431104660034179688e+00
4.178980636596679688e+01,6.114620208740234375e+00
4.891447448730468750e+01,9.459190368652343750e+00
4.262397766113281250e+01,-1.107828807830810547e+01
4.370042037963867188e+01,1.009206008911132812e+01
2.857864761352539062e+01,-3.330035924911499023e+00
4.527422332763671875e+01,-1.098097515106201172e+01
5.554699707031250000e+01,7.171201229095458984e+00
2.910814094543457031e+01,1.922628974914550781e+01
2.858325004577636719e+01,-9.180431365966796875e+00
2.940957260131835938e+01,1.370043563842773438e+01
5.377855682373046875e+01,7.335491657257080078e+00
4.371529006958007812e+01,1.206803417205810547e+01
3.438060379028320312e+01,-1.366399288177490234e+00
3.097509002685546875e+01,1.835437774658203125e+01
5.788658905029296875e+01,7.823741436004638672e+00
3.643858718872070312e+01,6.704532146453857422e+00
3.059537506103515625e+01,3.151088953018188477e+00
2.876373100280761719e+01,1.440134620666503906e+01
3.072309875488281250e+01,-3.877255916595458984e+00
4.715190887451171875e+01,-6.281982421875000000e+00
5.576772308349609375e+01,7.852405071258544922e+00
2.938301849365234375e+01,2.316828727722167969e+00
3.772086715698242188e+01,4.381765723228454590e-01
4.523917770385742188e+01,-1.060515594482421875e+01
2.887987899780273438e+01,-4.565946459770202637e-01
3.397044754028320312e+01,2.144062995910644531e+00
4.033771133422851562e+01,7.308069229125976562e+00
2.609415626525878906e+01,1.449923610687255859e+01
5.809386062622070312e+01,7.343363285064697266e+00
3.073777008056640625e+01,-9.560689926147460938e+00
3.936421966552734375e+01,5.644798278808593750e+00
4.467082977294921875e+01,-1.214486408233642578e+01
3.981171035766601562e+01,-1.063875675201416016e+01
3.556477355957031250e+01,-1.093523406982421875e+01
3.878583145141601562e+01,-8.948448181152343750e+00
4.281927108764648438e+01,-1.348231601715087891e+01
4.367296981811523438e+01,-1.284632205963134766e+01
4.505580139160156250e+01,-2.326464176177978516e+00
3.263314437866210938e+01,3.300357341766357422e+00
3.240077590942382812e+01,-6.999778270721435547e+00
4.414856719970703125e+01,-8.797622680664062500e+00
4.918413925170898438e+01,1.151160335540771484e+01
4.051058578491210938e+01,-8.752971649169921875e+00
3.593735504150390625e+01,-7.533205032348632812e+00
5.663037872314453125e+01,7.493452548980712891e+00
3.843210601806640625e+01,-2.746524333953857422e+00
3.655640029907226562e+01,7.191966056823730469e+00
3.914566802978515625e+01,-1.145720672607421875e+01
3.029003906250000000e+01,-3.855384826660156250e+00
3.855660247802734375e+01,-3.908191919326782227e+00
4.550809478759765625e+01,3.736987113952636719e+00
3.307932281494140625e+01,7.937427043914794922e+00
4.308409881591796875e+01,3.616664409637451172e+00
4.123292160034179688e+01,-3.951931953430175781e+00
3.326717758178710938e+01,1.754242300987243652e+00
3.483726119995117188e+01,-1.106330204010009766e+01
3.696920394897460938e+01,-1.382881522178649902e+00
4.472474288940429688e+01,-9.827369689941406250e+00
3.512119674682617188e+01,-1.221703171730041504e+00
9.737429618835449219e+00,8.118452072143554688e+00
4.193465423583984375e+01,-1.077253150939941406e+01
4.083572387695312500e+01,4.762760162353515625e+00
4.187848281860351562e+01,-8.135657310485839844e+00
4.202812957763671875e+01,3.317316532135009766e+00
3.674959945678710938e+01,6.754029273986816406e+00
4.010280609130859375e+01,1.221482634544372559e+00
2.802007102966308594e+01,-5.666154861450195312e+00
3.154066085815429688e+01,-9.707064628601074219e-01
4.343692398071289062e+01,-6.578245162963867188e+00
3.916882324218750000e+01,-1.176373863220214844e+01
3.392700958251953125e+01,4.328558444976806641e+00
5.567447662353515625e+01,5.344758987426757812e+00
4.211452484130859375e+01,-1.206425857543945312e+01
3.994630432128906250e+01,-1.327182674407958984e+01
3.852653884887695312e+01,-2.623840093612670898e+00
3.910683059692382812e+01,-2.803690910339355469e+00
3.475121688842773438e+01,-1.123737239837646484e+01
5.690176010131835938e+01,6.918650627136230469e+00
2.612908172607421875e+01,1.438589000701904297e+01
3.028089714050292969e+01,1.582913017272949219e+01
3.291117095947265625e+01,-5.046451091766357422e+00
3.814582443237304688e+01,1.871643304824829102e+00
3.373621749877929688e+01,-1.000657081604003906e+01
2.803629493713378906e+01,-5.792382240295410156e+00
3.466831588745117188e+01,3.415650129318237305e+00
4.575631332397460938e+01,5.861434340476989746e-01
3.773189926147460938e+01,6.666431427001953125e+00
3.545798110961914062e+01,1.047388935089111328e+01
2.987782287597656250e+01,6.310913085937500000e+00
3.624129867553710938e+01,7.921068668365478516e+00
4.594338989257812500e+01,-5.617619037628173828e+00
3.709806442260742188e+01,8.006728172302246094e+00
2.849273109436035156e+01,-3.280650138854980469e+00
3.944540786743164062e+01,3.430715560913085938e+00
5.700480651855468750e+01,7.876439571380615234e+00
4.708147811889648438e+01,-1.103363513946533203e+01
3.964707946777343750e+01,7.638861656188964844e+00
3.752281188964843750e+01,1.219756484031677246e+00
9.970108985900878906e+00,-6.822392940521240234e+00
3.006545829772949219e+01,4.794862866401672363e-01
4.370787811279296875e+01,1.206904411315917969e+01
4.377867126464843750e+01,-1.041184043884277344e+01
5.498318099975585938e+01,6.465383529663085938e+00
3.230830383300781250e+01,1.962980842590332031e+01
3.948774719238281250e+01,8.565842628479003906e+00
3.335160827636718750e+01,-3.063581943511962891e+00
2.836340332031250000e+01,1.747351837158203125e+01
4.128351211547851562e+01,-9.143787384033203125e+00
4.253414535522460938e+01,-1.075076013803482056e-01
4.677424621582031250e+01,-1.197214412689208984e+01
3.744815063476562500e+01,4.428143024444580078e+00
2.534778022766113281e+01,1.533395099639892578e+01
3.466760635375976562e+01,-7.225575447082519531e-01
2.806518936157226562e+01,-7.158256322145462036e-02
3.509175491333007812e+01,-1.039805793762207031e+01
4.265345382690429688e+01,1.035129547119140625e+01
4.729353332519531250e+01,6.483769893646240234e+00
5.090990447998046875e+01,3.269639492034912109e+00
2.940779685974121094e+01,-7.687484264373779297e+00
4.141298294067382812e+01,9.076391220092773438e+00
2.959358787536621094e+01,2.959974527359008789e+00
4.022018051147460938e+01,-6.850475788116455078e+00
3.723059082031250000e+01,-6.664646148681640625e+00
3.388676452636718750e+01,-1.205814170837402344e+01
4.575094985961914062e+01,5.896911025047302246e-01
3.753167724609375000e+01,-9.868067741394042969e+00
2.904044914245605469e+01,1.562101078033447266e+01
4.502984237670898438e+01,-8.301572799682617188e+00
4.440400695800781250e+01,-6.887970447540283203e+00
4.179163360595703125e+01,5.122350215911865234e+00
5.743191528320312500e+01,7.194237709045410156e+00
3.052074050903320312e+01,1.443493270874023438e+01
5.509936904907226562e+01,7.539340496063232422e+00
3.710124206542968750e+01,4.042317390441894531e+00
4.274247360229492188e+01,-8.557476043701171875e+00
2.707007408142089844e+01,-2.167006969451904297e+00
2.935393333435058594e+01,1.764784622192382812e+01
4.552125930786132812e+01,-1.309625339508056641e+01
2.902445602416992188e+01,1.512870311737060547e+01
4.371476745605468750e+01,1.207662391662597656e+01
4.919190216064453125e+01,1.156481647491455078e+01
3.753453063964843750e+01,4.559410095214843750e+00
4.839281082153320312e+01,1.009328269958496094e+01
5.757641983032226562e+01,8.908338546752929688e+00
2.959112167358398438e+01,-5.852113246917724609e+00
3.754925918579101562e+01,1.227599716186523438e+01
3.156696891784667969e+01,4.099688529968261719e+00
3.602101135253906250e+01,4.147001266479492188e+00
3.990760803222656250e+01,3.104690074920654297e+00
3.002108192443847656e+01,6.314292430877685547e+00
2.935140800476074219e+01,1.755676269531250000e+01
3.694653701782226562e+01,8.887120246887207031e+00
2.965468025207519531e+01,1.863232040405273438e+01
3.424981689453125000e+01,-1.942764401435852051e+00
2.515521049499511719e+01,1.308800792694091797e+01
4.211350250244140625e+01,-9.581069946289062500e+00
5.029795074462890625e+01,2.650108814239501953e+00
5.687340927124023438e+01,9.070614814758300781e+00
4.291826248168945312e+01,-9.380134582519531250e+00
4.467195129394531250e+01,3.137582302093505859e+00
2.653919410705566406e+01,6.841534614562988281e+00
3.127518272399902344e+01,1.212220954895019531e+01
4.377822113037109375e+01,4.739041805267333984e+00
4.175247573852539062e+01,-2.495642423629760742e+00
4.611494827270507812e+01,-1.038173484802246094e+01
4.290724945068359375e+01,-1.026481056213378906e+01
1.581047916412353516e+01,9.380306243896484375e+00
4.545049667358398438e+01,-1.219445705413818359e+01
4.211213684082031250e+01,-9.670795440673828125e+00
4.287784957885742188e+01,4.277987480163574219e+00
3.592469406127929688e+01,-7.571606159210205078e+00
3.611282348632812500e+01,-3.483400583267211914e+00
2.868041229248046875e+01,-9.124351501464843750e+00
5.542349243164062500e+01,8.725421905517578125e+00
4.352893447875976562e+01,-7.810497760772705078e+00
3.847120285034179688e+01,-2.235866069793701172e+00
4.863493728637695312e+01,9.748126983642578125e+00
3.241271591186523438e+01,-6.958508968353271484e+00
5.610848999023437500e+01,9.845890998840332031e+00
2.112041854858398438e+01,7.546246528625488281e+00
2.097507476806640625e+01,7.600873947143554688e+00
3.235123062133789062e+01,5.837925434112548828e+00
3.234560394287109375e+01,1.965817260742187500e+01
4.839236450195312500e+01,9.202967643737792969e+00
2.832809066772460938e+01,1.537522602081298828e+01
3.984175109863281250e+01,8.074624061584472656e+00
3.783620834350585938e+01,7.832081794738769531e+00
3.581532669067382812e+01,7.178484916687011719e+00
4.173041915893554688e+01,-1.217175960540771484e+01
2.890848350524902344e+01,1.453387832641601562e+01
2.554656600952148438e+01,-7.114866375923156738e-01
4.121293258666992188e+01,-9.690539360046386719e+00
2.110835456848144531e+01,-4.102893829345703125e+00
2.188484382629394531e+01,-3.875442028045654297e+00
2.256623840332031250e+01,-3.685878515243530273e+00
2.253870201110839844e+01,-3.690973043441772461e+00
6.482964992523193359e+00,1.394000053405761719e+00
3.732123947143554688e+01,1.304109668731689453e+01
1.799648094177246094e+01,-3.206622123718261719e+00
1.849341964721679688e+01,-2.396729469299316406e+00
-1.204936599731445312e+01,-3.496100997924804688e+01
-1.206716156005859375e+01,-3.087084197998046875e+01
-1.212418937683105469e+01,-3.339178848266601562e+01
-1.206765651702880859e+01,-3.216894149780273438e+01
-1.099775886535644531e+01,-3.589898300170898438e+01
-1.115109443664550781e+01,-3.588887023925781250e+01
-1.052294445037841797e+01,-3.520715332031250000e+01
-1.088317394256591797e+01,-3.458526229858398438e+01
-1.327974033355712891e+01,-3.464496612548828125e+01
-1.146585464477539062e+01,-3.407056808471679688e+01
-1.243171882629394531e+01,-3.528834533691406250e+01
-1.215746974945068359e+01,-3.594149017333984375e+01
-1.247043418884277344e+01,-3.464938735961914062e+01
-1.214949893951416016e+01,-3.611196899414062500e+01
-1.347968959808349609e+01,-3.524688720703125000e+01
-1.199816417694091797e+01,-3.469182586669921875e+01
5.999458789825439453e+00,-2.119945144653320312e+01
9.170238494873046875e+00,-2.049635124206542969e+01
8.333976745605468750e+00,-2.034189605712890625e+01
2.858026695251464844e+01,-2.062585258483886719e+01
6.966178894042968750e+00,2.419024467468261719e+00
-1.241351413726806641e+01,-5.992427825927734375e+00
-1.242396068572998047e+01,-5.981933116912841797e+00
2.857920074462890625e+01,-2.024358367919921875e+01
2.850837326049804688e+01,-1.977975463867187500e+01
5.455689907073974609e+00,1.639829063415527344e+01
4.325937747955322266e+00,1.734432792663574219e+01
4.785943508148193359e+00,1.652984046936035156e+01
4.498302936553955078e+00,1.601406288146972656e+01
4.438296794891357422e+00,1.714993476867675781e+01
-5.697520256042480469e+00,-3.101760101318359375e+01
-5.636333942413330078e+00,-3.104569244384765625e+01
2.335614585876464844e+01,-1.900369453430175781e+01
2.357379341125488281e+01,-1.892681121826171875e+01
-8.718485832214355469e-01,-1.355671977996826172e+01
9.418351054191589355e-01,-1.325840759277343750e+01
-3.303784370422363281e+00,-1.395087337493896484e+01
-1.915941953659057617e+00,-1.709464073181152344e+01
-1.229214310646057129e+00,-1.376263046264648438e+01
-2.828662157058715820e+00,-1.371859645843505859e+01
-3.073866653442382812e+01,3.856496334075927734e+00
-1.234992861747741699e+00,-1.131434631347656250e+01
-4.873270392417907715e-01,-1.114289569854736328e+01
-1.024843215942382812e+01,1.875025272369384766e+00
-3.458365678787231445e+00,-1.361607456207275391e+01
-4.617494583129882812e+00,-1.860662269592285156e+01
-2.041338920593261719e+01,-2.448685264587402344e+01
-2.044477844238281250e+01,-2.492037963867187500e+01
-1.816513633728027344e+01,-2.450733375549316406e+01
-1.826273536682128906e+01,-2.445800209045410156e+01
-2.085336685180664062e+01,-2.431346511840820312e+01
-1.950520515441894531e+01,-2.462900543212890625e+01
-2.090832519531250000e+01,-2.651666450500488281e+01
-2.168803596496582031e+01,-2.579993438720703125e+01
-2.236664962768554688e+01,-2.695129966735839844e+01
-2.248155784606933594e+01,-2.698564147949218750e+01
-2.090480422973632812e+01,-2.536565971374511719e+01
-2.070460700988769531e+01,-2.386249923706054688e+01
-1.904363632202148438e+01,-2.408171653747558594e+01
-2.224701499938964844e+01,-2.571304512023925781e+01
5.866961479187011719e+00,-2.127380561828613281e+01
5.619993686676025391e+00,-2.139841842651367188e+01
-1.327319145202636719e+00,-3.572343063354492188e+01
-1.466299414634704590e+00,-3.560775756835937500e+01
-1.112262606620788574e+00,-3.585182952880859375e+01
1.338375759124755859e+01,-2.679238128662109375e+01
1.516551852226257324e+00,1.854465842247009277e+00
7.957033634185791016e+00,-2.663176536560058594e+01
8.473081588745117188e+00,-2.662031555175781250e+01
7.396549701690673828e+00,-2.670570373535156250e+01
7.634455204010009766e+00,-2.667214012145996094e+01
6.676840972900390625e+01,-6.141265869140625000e+00
6.687371063232421875e+01,-5.515744686126708984e+00
1.134725952148437500e+01,2.281898307800292969e+01
-5.341995239257812500e+00,1.848081588745117188e+00
-6.767328262329101562e+00,4.892620444297790527e-01
-5.431780338287353516e+00,2.023500680923461914e+00
-1.214970779418945312e+01,4.598577499389648438e+00
-4.899971485137939453e+00,7.358090877532958984e-01
-7.675076723098754883e-01,-4.007889270782470703e+00
9.509456634521484375e+00,8.782521247863769531e+00
9.250806808471679688e+00,8.276960372924804688e+00
8.109451293945312500e+00,8.560273170471191406e+00
1.036249732971191406e+01,7.069190979003906250e+00
9.444832801818847656e+00,9.472196578979492188e+00
2.074451828002929688e+01,2.948012351989746094e+00
2.085106086730957031e+01,2.936945915222167969e+00
2.082543182373046875e+01,2.944098711013793945e+00
-8.391128540039062500e+00,-1.000103187561035156e+01
2.947234153747558594e+01,-1.432432937622070312e+01
-8.400324821472167969e+00,-9.973037719726562500e+00
-8.019856452941894531e+00,-9.695797920227050781e+00
6.770018005371093750e+01,-4.336879730224609375e+00
6.432453155517578125e+01,-9.767765045166015625e+00
6.732709503173828125e+01,-6.358792304992675781e+00
6.638755798339843750e+01,-8.855563163757324219e+00
6.631849670410156250e+01,-7.205133438110351562e+00
6.628491210937500000e+01,-1.042943286895751953e+01
6.652062988281250000e+01,-9.165452003479003906e+00
6.766246032714843750e+01,-9.695812225341796875e+00
6.527574920654296875e+01,-7.347445964813232422e+00
6.435383605957031250e+01,-9.057109832763671875e+00
6.325247192382812500e+01,-8.723844528198242188e+00
6.828571319580078125e+01,-9.213463783264160156e+00
6.815082550048828125e+01,-8.592006683349609375e+00
6.825670623779296875e+01,-6.087583541870117188e+00
6.825878906250000000e+01,-7.490018844604492188e+00
6.643212890625000000e+01,-9.487434387207031250e+00
6.387973403930664062e+01,-6.523727416992187500e+00
6.923505401611328125e+01,-7.378747940063476562e+00
6.525742340087890625e+01,-7.190845966339111328e+00
6.661432647705078125e+01,-6.346917152404785156e+00
6.549034118652343750e+01,-8.518114089965820312e+00
6.524230194091796875e+01,-9.566853523254394531e+00
6.477590942382812500e+01,-8.404777526855468750e+00
6.416221618652343750e+01,-7.486216068267822266e+00
6.467330169677734375e+01,-6.169482231140136719e+00
6.548185729980468750e+01,-1.076706790924072266e+01
6.636329650878906250e+01,-8.242658615112304688e+00
6.593273162841796875e+01,-5.584126949310302734e+00
6.725212097167968750e+01,-7.648758888244628906e+00
6.781543731689453125e+01,-7.047618389129638672e+00
-1.879673767089843750e+01,-2.994231796264648438e+01
-1.925135612487792969e+01,-3.016613769531250000e+01
-1.888953018188476562e+01,-2.998451995849609375e+01
-2.755208969116210938e+00,-2.736035108566284180e+00
-2.746595859527587891e+00,-3.637854337692260742e+00
-9.006311416625976562e+00,-1.820957183837890625e+01
-1.555989146232604980e+00,-1.733439445495605469e+01
-1.498330473899841309e+00,-1.807438850402832031e+01
-4.619042396545410156e+00,-4.438902854919433594e+00
-4.581045150756835938e+00,-4.401669502258300781e+00
-2.155668735504150391e+00,1.980349779129028320e+00
-2.089168548583984375e+00,1.931069016456604004e+00
-7.934040427207946777e-01,-4.111531734466552734e+00
-3.417067766189575195e+00,-3.762192428112030029e-01
-8.265172004699707031e+00,-6.173779010772705078e+00
-8.293756484985351562e+00,-6.139811515808105469e+00
-2.388481712341308594e+01,6.986442565917968750e+00
3.252736568450927734e+00,-7.094775199890136719e+00
-2.801778078079223633e+00,2.319260120391845703e+00
