x,y
4.589701175689697266e+00,-1.272840261459350586e+00
9.334757804870605469e+00,-4.794749736785888672e+00
8.798383712768554688e+00,-1.886334657669067383e+00
8.832401275634765625e+00,-1.831287980079650879e+00
1.225937938690185547e+01,-1.791616201400756836e+00
1.177559566497802734e+01,-1.873629450798034668e+00
6.335400581359863281e+00,-4.423591136932373047e+00
8.423177719116210938e+00,-4.087269306182861328e+00
5.748967170715332031e+00,-2.631922960281372070e+00
1.190540218353271484e+01,-1.980110526084899902e+00
7.171243667602539062e+00,-2.250869274139404297e+00
7.576095104217529297e+00,-2.262124776840209961e+00
7.163950443267822266e+00,-1.966915249824523926e+00
7.136689662933349609e+00,-2.092557668685913086e+00
7.461262702941894531e+00,-2.397394895553588867e+00
7.436093330383300781e+00,-2.159424066543579102e+00
7.378070354461669922e+00,-2.159488201141357422e+00
7.197058200836181641e+00,-2.035478353500366211e+00
7.166645050048828125e+00,-1.970270752906799316e+00
9.233381271362304688e+00,-4.693576335906982422e+00
5.597294330596923828e+00,-2.158414363861083984e+00
9.579319953918457031e+00,-3.303611040115356445e+00
1.219042110443115234e+01,-1.919926285743713379e+00
1.167356872558593750e+01,-1.801322221755981445e+00
9.795732498168945312e+00,-2.551953554153442383e+00
7.231706142425537109e+00,-3.116710662841796875e+00
1.166919040679931641e+01,-2.200410842895507812e+00
1.229082107543945312e+01,-1.515945553779602051e+00
5.864285469055175781e+00,-1.556785941123962402e+00
1.215605163574218750e+01,-1.722081542015075684e+00
1.219104576110839844e+01,-1.396718502044677734e+00
4.594466209411621094e+00,-1.128607630729675293e+00
1.228527545928955078e+01,-1.416601777076721191e+00
5.667392730712890625e+00,-2.696214914321899414e+00
6.564744472503662109e+00,-2.782538414001464844e+00
5.851289272308349609e+00,-2.679318189620971680e+00
5.712789535522460938e+00,-2.715135812759399414e+00
5.703859806060791016e+00,-2.719153642654418945e+00
5.741807460784912109e+00,-2.763698577880859375e+00
5.697715759277343750e+00,-2.660117626190185547e+00
5.710921764373779297e+00,-2.749834060668945312e+00
5.860894680023193359e+00,-2.737561464309692383e+00
5.853766441345214844e+00,-2.739377021789550781e+00
6.014577388763427734e+00,-4.312519550323486328e+00
5.867252349853515625e+00,-5.005031585693359375e+00
5.854572296142578125e+00,-4.592123031616210938e+00
5.857235431671142578e+00,-4.506690025329589844e+00
5.831685543060302734e+00,-4.478020191192626953e+00
6.961933135986328125e+00,-3.381398200988769531e+00
5.881544589996337891e+00,-4.752675533294677734e+00
1.211021423339843750e+01,-1.822075963020324707e+00
1.217647075653076172e+01,-1.329533934593200684e+00
1.197120094299316406e+01,-1.247014045715332031e+00
9.917436599731445312e+00,-4.168028354644775391e+00
9.282445907592773438e+00,-4.761003971099853516e+00
1.209035301208496094e+01,-2.006818294525146484e+00
1.229952335357666016e+01,-1.832428097724914551e+00
9.360401153564453125e+00,-4.672243595123291016e+00
6.981822013854980469e+00,-3.904037714004516602e+00
9.046038627624511719e+00,-4.292923927307128906e+00
8.047147750854492188e+00,4.600782394409179688e+00
7.999361991882324219e+00,-4.109073162078857422e+00
9.064877510070800781e+00,-4.549533843994140625e+00
4.819011688232421875e+00,-1.707201480865478516e+00
4.815790653228759766e+00,-1.544843316078186035e+00
4.879008769989013672e+00,-1.759671688079833984e+00
1.244638633728027344e+01,-1.708597183227539062e+00
1.190433406829833984e+01,-1.937613129615783691e+00
1.187098407745361328e+01,-1.710069298744201660e+00
7.772481918334960938e+00,-2.707582235336303711e+00
9.599477767944335938e+00,-4.478149414062500000e+00
9.930171012878417969e+00,-4.505376338958740234e+00
9.333890914916992188e+00,-4.472056865692138672e+00
9.240967750549316406e+00,-4.800295829772949219e+00
6.010414600372314453e+00,-4.111565113067626953e+00
5.898845672607421875e+00,-4.172738552093505859e+00
7.943602085113525391e+00,-3.988347530364990234e+00
1.026554775238037109e+01,-4.512099266052246094e+00
1.025329303741455078e+01,-4.476009368896484375e+00
4.599132537841796875e+00,-1.972179412841796875e+00
4.492953777313232422e+00,-1.610506057739257812e+00
4.551452159881591797e+00,-1.543979406356811523e+00
4.755113601684570312e+00,-2.015475988388061523e+00
4.592179298400878906e+00,-2.006501674652099609e+00
4.497101783752441406e+00,-2.071441173553466797e+00
4.659918785095214844e+00,-1.976641297340393066e+00
4.521262645721435547e+00,-1.737895250320434570e+00
4.462352752685546875e+00,-1.813163518905639648e+00
4.537478446960449219e+00,-1.566854715347290039e+00
4.554296016693115234e+00,-1.996700525283813477e+00
4.475285530090332031e+00,-1.973370671272277832e+00
4.645024299621582031e+00,-2.018032789230346680e+00
4.578289985656738281e+00,-1.981278181076049805e+00
4.738191127777099609e+00,-1.954429745674133301e+00
4.591417312622070312e+00,-2.002178192138671875e+00
4.460498332977294922e+00,-1.851830363273620605e+00
4.545969486236572266e+00,-1.967016577720642090e+00
4.467064857482910156e+00,-1.851534128189086914e+00
4.560674667358398438e+00,-2.026301622390747070e+00
4.435944557189941406e+00,-1.786259889602661133e+00
4.424896240234375000e+00,-1.872921705245971680e+00
6.841489315032958984e+00,-2.161516189575195312e+00
6.737385272979736328e+00,-2.058072328567504883e+00
9.316807746887207031e+00,-4.747662544250488281e+00
1.067513656616210938e+01,-1.148876905441284180e+00
1.210065746307373047e+01,-1.627478361129760742e+00
9.377088546752929688e+00,-4.314999103546142578e+00
4.590217590332031250e+00,-1.511063575744628906e+00
9.618432044982910156e+00,-3.747994422912597656e+00
7.534359931945800781e+00,-2.564625263214111328e+00
9.976859092712402344e+00,-4.627702713012695312e+00
6.985264778137207031e+00,-1.955496668815612793e+00
7.064723968505859375e+00,-1.887093544006347656e+00
6.081226825714111328e+00,-4.905023574829101562e+00
1.115188407897949219e+01,-1.908870816230773926e+00
1.022112751007080078e+01,-5.369073867797851562e+00
1.018567180633544922e+01,-5.362152576446533203e+00
7.364386081695556641e+00,-2.504465103149414062e+00
7.683556556701660156e+00,-2.188426017761230469e+00
7.808758258819580078e+00,-2.061309814453125000e+00
9.109020233154296875e+00,-4.516402244567871094e+00
5.431331157684326172e+00,-2.305986642837524414e+00
1.021033763885498047e+01,-5.330363273620605469e+00
1.222071647644042969e+01,-1.481755971908569336e+00
1.017410755157470703e+01,-5.319646358489990234e+00
1.174957656860351562e+01,-1.142571210861206055e+00
1.172911453247070312e+01,-1.365316987037658691e+00
1.182923603057861328e+01,-1.170823454856872559e+00
1.152756500244140625e+01,-1.245139598846435547e+00
1.188402271270751953e+01,-2.206677913665771484e+00
9.921386718750000000e+00,-4.756363391876220703e+00
1.016826438903808594e+01,-5.316081047058105469e+00
6.162069797515869141e+00,-4.454764366149902344e+00
5.749355316162109375e+00,-4.595621585845947266e+00
6.487113475799560547e+00,-4.353878974914550781e+00
8.732311248779296875e+00,-4.249922275543212891e+00
6.198372364044189453e+00,-4.812737941741943359e+00
8.931884765625000000e+00,-4.294723033905029297e+00
7.683999061584472656e+00,-3.312295913696289062e+00
9.557036399841308594e+00,-3.189468145370483398e+00
7.923710823059082031e+00,-3.872978687286376953e+00
1.203351688385009766e+01,-1.334038615226745605e+00
5.928133964538574219e+00,-5.029505729675292969e+00
1.029347324371337891e+01,-5.454878807067871094e+00
7.741959095001220703e+00,-1.304343700408935547e+00
6.115796566009521484e+00,-4.132401943206787109e+00
1.002298736572265625e+01,-4.672722816467285156e+00
7.767935276031494141e+00,-2.438015699386596680e+00
7.665999889373779297e+00,-2.113604068756103516e+00
1.194921016693115234e+01,-2.207410812377929688e+00
9.406855583190917969e+00,-4.201205253601074219e+00
1.026179599761962891e+01,-5.403809070587158203e+00
6.087350368499755859e+00,-3.778916597366333008e+00
9.720141410827636719e+00,-4.489394187927246094e+00
8.967747688293457031e+00,-4.398189544677734375e+00
7.468233585357666016e+00,-2.903749227523803711e+00
8.266013145446777344e+00,6.262376785278320312e+00
1.202819347381591797e+01,-1.199333429336547852e+00
1.153741741180419922e+01,-1.337237358093261719e+00
1.224469852447509766e+01,-1.366193056106567383e+00
9.441180229187011719e+00,-4.845342159271240234e+00
8.319795608520507812e+00,-4.152190685272216797e+00
7.961386203765869141e+00,-3.788989067077636719e+00
7.386326789855957031e+00,-2.763184547424316406e+00
9.645488739013671875e+00,-4.513715744018554688e+00
6.075403213500976562e+00,-4.814133167266845703e+00
5.905502796173095703e+00,-5.468942165374755859e+00
6.316859245300292969e+00,-4.348592281341552734e+00
5.581223011016845703e+00,-2.098044395446777344e+00
6.730103492736816406e+00,-2.633363485336303711e+00
6.479003906250000000e+00,-2.049542427062988281e+00
6.353424072265625000e+00,-1.764789938926696777e+00
1.177579307556152344e+01,-1.809494614601135254e+00
1.182682800292968750e+01,-1.290303826332092285e+00
1.093342399597167969e+01,-1.324422478675842285e+00
1.086396789550781250e+01,-1.244555950164794922e+00
1.088262081146240234e+01,-1.302362442016601562e+00
4.925029277801513672e+00,-1.789133071899414062e+00
9.421378135681152344e+00,-4.401030540466308594e+00
8.554066658020019531e+00,-4.005088329315185547e+00
9.359074592590332031e+00,-4.607148170471191406e+00
8.185744285583496094e+00,-7.455801963806152344e-01
1.090744876861572266e+01,-2.130536079406738281e+00
1.014106369018554688e+01,-5.273512840270996094e+00
7.910624504089355469e+00,-3.700061321258544922e+00
9.412223815917968750e+00,-3.971424341201782227e+00
1.145063400268554688e+01,-2.275102615356445312e+00
9.959467887878417969e+00,-4.138004302978515625e+00
8.474452972412109375e+00,-4.130314826965332031e+00
1.199690628051757812e+01,-1.258048295974731445e+00
9.131391525268554688e+00,-4.623462200164794922e+00
8.749062538146972656e+00,-4.364776611328125000e+00
8.008490562438964844e+00,-3.802757978439331055e+00
9.830025672912597656e+00,-2.941506147384643555e+00
8.006312370300292969e+00,-2.415062427520751953e+00
1.091274642944335938e+01,-2.225781679153442383e+00
1.156832695007324219e+01,-1.832716941833496094e+00
5.961461544036865234e+00,-4.252043247222900391e+00
5.785138130187988281e+00,-4.464283943176269531e+00
5.728279113769531250e+00,-4.645948886871337891e+00
5.972381591796875000e+00,-4.375445365905761719e+00
8.376467704772949219e+00,-3.842679977416992188e+00
6.330508232116699219e+00,-2.938776493072509766e+00
8.969166755676269531e+00,-4.444481849670410156e+00
6.077554225921630859e+00,-5.177418231964111328e+00
1.175864982604980469e+01,-1.360826611518859863e+00
7.629716396331787109e+00,-2.917294025421142578e+00
5.972447872161865234e+00,-5.430294990539550781e+00
9.259926795959472656e+00,-4.633540153503417969e+00
6.566015720367431641e+00,-4.246796131134033203e+00
9.820997238159179688e+00,-4.242160797119140625e+00
5.855400085449218750e+00,-4.561053752899169922e+00
1.198711204528808594e+01,-1.224183678627014160e+00
8.566917419433593750e+00,-4.189218044281005859e+00
5.908540248870849609e+00,-5.405512809753417969e+00
1.149311733245849609e+01,-1.530043482780456543e+00
1.029298496246337891e+01,-5.439880847930908203e+00
6.074280738830566406e+00,-4.223773002624511719e+00
5.019983768463134766e+00,-1.833173155784606934e+00
1.198304367065429688e+01,-1.935534477233886719e+00
1.172023963928222656e+01,-1.812134861946105957e+00
1.216028976440429688e+01,-1.910903215408325195e+00
4.567344188690185547e+00,-1.821130394935607910e+00
9.403959274291992188e+00,-2.864687681198120117e+00
1.214091491699218750e+01,-1.479753375053405762e+00
1.212480545043945312e+01,-1.273912072181701660e+00
1.185353660583496094e+01,-1.517532467842102051e+00
1.223916816711425781e+01,-1.591582894325256348e+00
8.913039207458496094e+00,-4.272145271301269531e+00
1.202360057830810547e+01,-1.474057674407958984e+00
1.212423706054687500e+01,-1.362343907356262207e+00
1.073492336273193359e+01,-1.038673043251037598e+00
5.658576965332031250e+00,-4.723753929138183594e+00
6.446792125701904297e+00,-1.202522754669189453e+00
6.076278686523437500e+00,-1.331097245216369629e+00
6.288816928863525391e+00,-1.961911678314208984e+00
9.338125228881835938e+00,-3.622441291809082031e+00
1.167274665832519531e+01,-1.510647296905517578e+00
6.259217262268066406e+00,-4.189706325531005859e+00
1.170870780944824219e+01,-1.416535377502441406e+00
4.619094371795654297e+00,-1.993394732475280762e+00
9.355088233947753906e+00,-4.113404273986816406e+00
5.979349613189697266e+00,-4.507791996002197266e+00
5.583241939544677734e+00,-4.747795581817626953e+00
6.048610687255859375e+00,-4.389421463012695312e+00
6.161179065704345703e+00,-4.153901100158691406e+00
5.726440429687500000e+00,-4.598380088806152344e+00
7.261582374572753906e+00,-2.941297769546508789e+00
9.474730491638183594e+00,-4.587977409362792969e+00
8.822551727294921875e+00,-4.358501911163330078e+00
7.703393936157226562e+00,-2.742460727691650391e+00
7.953399181365966797e+00,-2.244331359863281250e+00
7.618914127349853516e+00,-2.085420489311218262e-02
7.678153514862060547e+00,-8.449455350637435913e-02
1.219394874572753906e+01,-1.490494489669799805e+00
8.269411087036132812e+00,-4.046885967254638672e+00
1.013457489013671875e+01,-5.279315471649169922e+00
6.265170097351074219e+00,-2.987046718597412109e+00
6.205257892608642578e+00,-5.181815624237060547e+00
1.116169929504394531e+01,-2.102040767669677734e+00
1.096047973632812500e+01,-1.364621281623840332e+00
5.637471199035644531e+00,-4.757774353027343750e+00
6.231751918792724609e+00,-4.412138938903808594e+00
5.940246105194091797e+00,-4.903492927551269531e+00
6.003411293029785156e+00,-4.399517059326171875e+00
9.268412590026855469e+00,-4.734791755676269531e+00
9.413570404052734375e+00,-4.559839248657226562e+00
8.701722145080566406e+00,-4.118799209594726562e+00
9.535960197448730469e+00,-4.518756389617919922e+00
6.539593219757080078e+00,-3.131113052368164062e+00
6.795858383178710938e+00,-2.041395902633666992e+00
9.245938301086425781e+00,-4.699819087982177734e+00
1.206161308288574219e+01,-1.842308521270751953e+00
5.851347446441650391e+00,-2.159471273422241211e+00
5.446919441223144531e+00,-2.390352010726928711e+00
5.922918796539306641e+00,-5.425707340240478516e+00
5.922418594360351562e+00,-5.383545398712158203e+00
8.206085205078125000e+00,-2.566796064376831055e+00
8.232276916503906250e+00,-4.139118671417236328e+00
1.201386737823486328e+01,-2.088893651962280273e+00
8.079188346862792969e+00,-3.799984216690063477e+00
8.163040161132812500e+00,-7.992217540740966797e-01
1.135119438171386719e+01,-1.939449310302734375e+00
9.773250579833984375e+00,-4.263173580169677734e+00
9.448875427246093750e+00,-4.192062377929687500e+00
7.211525440216064453e+00,-1.780367970466613770e+00
9.876717567443847656e+00,-4.207644939422607422e+00
1.203088474273681641e+01,-1.647582769393920898e+00
9.311596870422363281e+00,-4.778499126434326172e+00
6.214516162872314453e+00,-5.161665916442871094e+00
5.506639480590820312e+00,-2.005754232406616211e+00
9.963764190673828125e+00,-4.624458789825439453e+00
1.192550277709960938e+01,-1.270198345184326172e+00
1.012492370605468750e+01,-5.235206604003906250e+00
8.367558479309082031e+00,-3.437657356262207031e+00
6.173459053039550781e+00,-4.779317378997802734e+00
9.221495628356933594e+00,-4.621007919311523438e+00
5.714685440063476562e+00,-2.210425853729248047e+00
8.629672050476074219e+00,4.916578292846679688e+00
8.890021324157714844e+00,-1.223912715911865234e+00
7.505100250244140625e+00,-1.403309702873229980e+00
6.762480735778808594e+00,-2.829523324966430664e+00
1.029725074768066406e+01,-5.449577331542968750e+00
1.003315734863281250e+01,-4.583878040313720703e+00
7.260744571685791016e+00,-4.118976593017578125e+00
1.212403392791748047e+01,-1.977146625518798828e+00
4.816279411315917969e+00,-1.453617215156555176e+00
1.219012451171875000e+01,-1.195054411888122559e+00
1.164451122283935547e+01,-1.279098629951477051e+00
1.205219268798828125e+01,-1.301475524902343750e+00
7.044488430023193359e+00,-1.972839713096618652e+00
6.272578239440917969e+00,-2.844787120819091797e+00
6.161734104156494141e+00,-3.104235410690307617e+00
1.019319629669189453e+01,-2.513058900833129883e+00
1.020913124084472656e+01,-2.529872417449951172e+00
1.020583629608154297e+01,-2.510517597198486328e+00
1.023197841644287109e+01,-2.539343595504760742e+00
1.022093391418457031e+01,-2.569356918334960938e+00
1.025232124328613281e+01,-2.546756267547607422e+00
1.024687290191650391e+01,-2.528600454330444336e+00
1.026809978485107422e+01,-2.507232904434204102e+00
1.018764209747314453e+01,-2.541259765625000000e+00
1.024016666412353516e+01,-2.543725490570068359e+00
7.598444461822509766e+00,-7.348816841840744019e-02
1.021925735473632812e+01,-5.349131584167480469e+00
9.874763488769531250e+00,-4.616591453552246094e+00
7.570052146911621094e+00,-1.890048623085021973e+00
7.678841114044189453e+00,-2.007427692413330078e+00
7.539329051971435547e+00,-1.884541988372802734e+00
7.642882823944091797e+00,-1.872232317924499512e+00
5.636286258697509766e+00,-2.590053558349609375e+00
9.214776039123535156e+00,-4.705602169036865234e+00
5.782074928283691406e+00,-4.524004459381103516e+00
6.089689731597900391e+00,-5.124527454376220703e+00
9.916090965270996094e+00,-4.199476718902587891e+00
4.584041118621826172e+00,-1.492758035659790039e+00
1.194395256042480469e+01,-1.429529786109924316e+00
6.305983543395996094e+00,-4.506211280822753906e+00
7.358288288116455078e+00,-3.215007066726684570e+00
1.234865856170654297e+01,-1.743560552597045898e+00
7.549542903900146484e+00,-1.060883998870849609e+00
1.180476474761962891e+01,-1.334119319915771484e+00
8.298618316650390625e+00,-3.742771387100219727e+00
9.852897644042968750e+00,-5.093720912933349609e+00
6.734504699707031250e+00,-2.805132389068603516e+00
7.850429058074951172e+00,-3.244840621948242188e+00
9.715347290039062500e+00,-2.926035881042480469e+00
8.701221466064453125e+00,-4.101984500885009766e+00
1.043857002258300781e+01,-2.251707315444946289e+00
4.904916286468505859e+00,-2.112341165542602539e+00
1.101736736297607422e+01,-2.031049251556396484e+00
9.866883277893066406e+00,-4.209783077239990234e+00
9.928116798400878906e+00,-4.546425819396972656e+00
6.990226268768310547e+00,-2.477305650711059570e+00
5.761166572570800781e+00,-2.190990686416625977e+00
7.648275375366210938e+00,-1.241948604583740234e+00
7.749651908874511719e+00,-1.100026488304138184e+00
7.589320659637451172e+00,-1.012562632560729980e+00
7.649370193481445312e+00,-1.081282258033752441e+00
4.448617935180664062e+00,-1.897701978683471680e+00
7.826943397521972656e+00,-1.133727192878723145e+00
7.683667659759521484e+00,-1.423044443130493164e+00
8.617238044738769531e+00,-4.043841838836669922e+00
5.071214675903320312e+00,-1.757168054580688477e+00
5.125819206237792969e+00,-1.709486842155456543e+00
5.192669391632080078e+00,-1.684954047203063965e+00
1.219451713562011719e+01,-1.704025149345397949e+00
1.202555465698242188e+01,-1.715607643127441406e+00
5.984022140502929688e+00,-5.233958244323730469e+00
1.008993053436279297e+01,3.042688131332397461e+00
1.090285205841064453e+01,-2.042005062103271484e+00
8.452870368957519531e+00,-2.600359916687011719e+00
9.267774581909179688e+00,-4.619630336761474609e+00
1.180286216735839844e+01,-2.169281959533691406e+00
6.471130371093750000e+00,-4.492707729339599609e+00
1.189111328125000000e+01,-1.654314875602722168e+00
5.189603805541992188e+00,-2.184051752090454102e+00
7.825589179992675781e+00,-9.519754648208618164e-01
4.413522720336914062e+00,-1.505575060844421387e+00
4.277460098266601562e+00,-1.593194961547851562e+00
4.435898303985595703e+00,-1.864109635353088379e+00
4.401630878448486328e+00,-1.700093388557434082e+00
4.451415538787841797e+00,-1.507275581359863281e+00
4.410674571990966797e+00,-1.706268668174743652e+00
4.333115100860595703e+00,-1.675722718238830566e+00
4.366072177886962891e+00,-1.751507878303527832e+00
4.380399227142333984e+00,-1.797813534736633301e+00
4.315793991088867188e+00,-1.805150032043457031e+00
4.793926715850830078e+00,-2.140824079513549805e+00
9.966341972351074219e+00,-4.094133377075195312e+00
1.173834323883056641e+01,-2.107576608657836914e+00
8.634923934936523438e+00,-4.178518772125244141e+00
9.006539344787597656e+00,-4.417767047882080078e+00
9.748085975646972656e+00,-3.003824472427368164e+00
5.882021427154541016e+00,-5.413238048553466797e+00
9.444787025451660156e+00,-4.340183734893798828e+00
6.888719081878662109e+00,-2.862076044082641602e+00
7.651831626892089844e+00,-2.890280008316040039e+00
7.323592662811279297e+00,-1.651772022247314453e+00
5.933769226074218750e+00,-5.417221069335937500e+00
7.643056392669677734e+00,-1.003722667694091797e+00
7.157247066497802734e+00,-2.174202203750610352e+00
7.125284671783447266e+00,-2.006880044937133789e+00
6.303276062011718750e+00,-2.937301397323608398e+00
7.405314445495605469e+00,-2.673367023468017578e+00
5.795156478881835938e+00,-4.634147644042968750e+00
5.676446914672851562e+00,-4.773735523223876953e+00
5.733469009399414062e+00,-4.632633686065673828e+00
6.195950984954833984e+00,-4.152069091796875000e+00
8.755378723144531250e+00,-2.190169334411621094e+00
6.033244132995605469e+00,-5.007429122924804688e+00
1.213600349426269531e+01,-1.526262760162353516e+00
5.912221908569335938e+00,-5.398556232452392578e+00
8.428518295288085938e+00,4.092660903930664062e+00
4.582569122314453125e+00,-1.317222714424133301e+00
9.901749610900878906e+00,-4.714504718780517578e+00
7.617180824279785156e+00,-3.919822216033935547e+00
8.792077064514160156e+00,-4.272335052490234375e+00
9.777463912963867188e+00,-4.509006500244140625e+00
8.269400596618652344e+00,-2.566843271255493164e+00
7.214263916015625000e+00,-2.157227039337158203e+00
7.055727005004882812e+00,-2.174493551254272461e+00
7.096798896789550781e+00,-2.255237817764282227e+00
6.961152553558349609e+00,-1.866632461547851562e+00
7.077064990997314453e+00,-1.884962916374206543e+00
7.691400527954101562e+00,-2.285504102706909180e+00
7.781350612640380859e+00,-2.124680042266845703e+00
7.082933902740478516e+00,-1.913454890251159668e+00
7.536703109741210938e+00,-2.446218252182006836e+00
7.116492271423339844e+00,-2.002624273300170898e+00
7.125576019287109375e+00,-1.780160665512084961e+00
7.311569213867187500e+00,-2.013429641723632812e+00
7.311562061309814453e+00,-2.096536636352539062e+00
1.092857074737548828e+01,-2.103658914566040039e+00
6.767629146575927734e+00,-2.786090850830078125e+00
8.333780288696289062e+00,-4.139586448669433594e+00
6.101636409759521484e+00,-5.160168647766113281e+00
7.729855060577392578e+00,-3.573237895965576172e+00
1.098283767700195312e+01,-2.308980464935302734e+00
6.033702373504638672e+00,-1.769553303718566895e+00
6.058856010437011719e+00,-5.333611488342285156e+00
9.470664978027343750e+00,-3.085830450057983398e+00
9.386728286743164062e+00,-4.216214656829833984e+00
1.179454326629638672e+01,-1.221768260002136230e+00
5.896795272827148438e+00,-5.347701549530029297e+00
1.026461696624755859e+01,3.137413978576660156e+00
1.105491065979003906e+01,-2.225658893585205078e+00
4.444072246551513672e+00,-1.468562126159667969e+00
9.827247619628906250e+00,-4.336631298065185547e+00
9.396554946899414062e+00,-4.005647659301757812e+00
4.689839363098144531e+00,-2.016412019729614258e+00
9.195519447326660156e+00,-4.614126205444335938e+00
6.120970726013183594e+00,-4.265714645385742188e+00
6.052681922912597656e+00,-4.262951850891113281e+00
7.988036632537841797e+00,-4.140828609466552734e+00
1.085356426239013672e+01,-2.594496965408325195e+00
1.241720962524414062e+01,-1.737901210784912109e+00
8.435921669006347656e+00,-1.000177621841430664e+00
1.007891654968261719e+01,-5.227460861206054688e+00
1.027633762359619141e+01,-5.419727325439453125e+00
6.228423595428466797e+00,-5.134794712066650391e+00
7.736535549163818359e+00,-3.713072299957275391e+00
7.727115631103515625e+00,-2.989593505859375000e+00
1.025873661041259766e+01,-5.428592205047607422e+00
7.750128269195556641e+00,-4.089903354644775391e+00
5.505281448364257812e+00,-2.405701875686645508e+00
7.870978832244873047e+00,-2.617393493652343750e+00
7.905513763427734375e+00,-2.594302892684936523e+00
7.811741352081298828e+00,-2.652557373046875000e+00
7.896406173706054688e+00,-2.443708419799804688e+00
7.902689933776855469e+00,-2.479976892471313477e+00
7.964951038360595703e+00,-2.405416250228881836e+00
7.643120765686035156e+00,-2.375986576080322266e+00
6.868013858795166016e+00,-2.659663677215576172e+00
1.210862541198730469e+01,-1.956451773643493652e+00
5.934796333312988281e+00,-4.045685291290283203e+00
6.037804603576660156e+00,-4.235028743743896484e+00
6.178199291229248047e+00,-4.461760997772216797e+00
5.982245922088623047e+00,-4.344065189361572266e+00
6.217926025390625000e+00,-4.540119171142578125e+00
6.194513797760009766e+00,-5.116592884063720703e+00
9.763606071472167969e+00,-3.849354743957519531e+00
1.013084125518798828e+01,-4.854924678802490234e+00
7.583421230316162109e+00,-5.232179760932922363e-01
9.608574867248535156e+00,-4.551413536071777344e+00
6.139035701751708984e+00,-3.954942464828491211e+00
8.177011489868164062e+00,-4.108389854431152344e+00
1.010083103179931641e+01,-5.218718051910400391e+00
5.896005630493164062e+00,-4.534866809844970703e+00
9.862823486328125000e+00,-5.007627487182617188e+00
5.779592514038085938e+00,-2.282012224197387695e+00
9.419177055358886719e+00,-4.548805713653564453e+00
9.778361320495605469e+00,-4.458917140960693359e+00
6.125665187835693359e+00,-4.891093730926513672e+00
9.126225471496582031e+00,-4.530693054199218750e+00
1.077860069274902344e+01,-2.286036729812622070e+00
6.237101554870605469e+00,-4.056168556213378906e+00
1.167574310302734375e+01,-2.078568935394287109e+00
9.548150062561035156e+00,-4.143593788146972656e+00
7.087114334106445312e+00,-2.046987771987915039e+00
6.906249046325683594e+00,-2.009529352188110352e+00
1.004837989807128906e+01,-5.129031181335449219e+00
9.905681610107421875e+00,-4.193068027496337891e+00
6.041160106658935547e+00,-4.950374603271484375e+00
9.193852424621582031e+00,-4.770453929901123047e+00
7.289964675903320312e+00,-2.655688762664794922e+00
6.186979293823242188e+00,-2.726778030395507812e+00
6.285432338714599609e+00,-4.001824855804443359e+00
6.093363285064697266e+00,-1.888959050178527832e+00
5.588238239288330078e+00,-1.330021500587463379e+00
5.836712837219238281e+00,-2.012438774108886719e+00
6.086757183074951172e+00,-3.826387882232666016e+00
9.254342079162597656e+00,-4.663877964019775391e+00
5.645664215087890625e+00,-2.666429758071899414e+00
9.595468521118164062e+00,-3.294742822647094727e+00
1.013947486877441406e+01,-5.295457839965820312e+00
9.843029022216796875e+00,-4.530563831329345703e+00
6.309531688690185547e+00,-3.090122938156127930e+00
5.917598247528076172e+00,-2.033260822296142578e+00
5.093947887420654297e+00,-1.486877083778381348e+00
4.998686790466308594e+00,-1.524153113365173340e+00
6.355165958404541016e+00,-4.485019683837890625e+00
8.669755935668945312e+00,-1.498744845390319824e+00
1.196118068695068359e+01,-1.247053027153015137e+00
1.061988258361816406e+01,-1.119268417358398438e+00
7.655019760131835938e+00,-3.287309885025024414e+00
6.134579658508300781e+00,-4.392372608184814453e+00
5.890277385711669922e+00,-5.369587898254394531e+00
1.207649326324462891e+01,-1.307702898979187012e+00
1.205646228790283203e+01,-1.336723804473876953e+00
1.168992710113525391e+01,-1.322014689445495605e+00
1.196568393707275391e+01,-1.601034283638000488e+00
1.184581089019775391e+01,-1.477451205253601074e+00
1.188204097747802734e+01,-1.482608795166015625e+00
1.188845443725585938e+01,-1.569774746894836426e+00
1.201916694641113281e+01,-1.563549041748046875e+00
1.183103275299072266e+01,-1.477911114692687988e+00
1.178856563568115234e+01,-1.463248491287231445e+00
1.178652572631835938e+01,-1.384234070777893066e+00
1.169314956665039062e+01,-1.466500401496887207e+00
1.175018119812011719e+01,-1.480310797691345215e+00
1.199620246887207031e+01,-1.383638620376586914e+00
8.501333236694335938e+00,-4.130132198333740234e+00
1.010956096649169922e+01,-5.264519214630126953e+00
9.622034072875976562e+00,-3.814388990402221680e+00
5.900114059448242188e+00,-4.451968193054199219e+00
5.651354789733886719e+00,-4.699285030364990234e+00
6.580926418304443359e+00,-3.000550508499145508e+00
5.919785022735595703e+00,-4.447774410247802734e+00
6.042672157287597656e+00,-4.282907009124755859e+00
1.127998924255371094e+01,-1.358731746673583984e+00
1.135631465911865234e+01,-1.392101764678955078e+00
7.550274372100830078e+00,-3.256060481071472168e-01
9.322428703308105469e+00,-4.635099411010742188e+00
4.950653076171875000e+00,-1.603460788726806641e+00
7.107756614685058594e+00,-1.834687709808349609e+00
9.923235893249511719e+00,-4.641576766967773438e+00
1.170372772216796875e+01,-1.324634790420532227e+00
5.940535545349121094e+00,-5.436025619506835938e+00
9.453271865844726562e+00,-3.994745492935180664e+00
5.639811992645263672e+00,-2.620789289474487305e+00
6.002119541168212891e+00,-4.596972942352294922e+00
5.683821678161621094e+00,-4.866700172424316406e+00
5.721722602844238281e+00,-4.960723400115966797e+00
9.334768295288085938e+00,-4.768856048583984375e+00
1.200185489654541016e+01,-1.718073368072509766e+00
8.094261169433593750e+00,-7.242714166641235352e-01
6.323420047760009766e+00,-4.877710342407226562e+00
5.823484420776367188e+00,-1.313534975051879883e+00
8.183032035827636719e+00,-5.644385218620300293e-01
8.108071327209472656e+00,3.397542238235473633e-02
8.133400917053222656e+00,-3.622159957885742188e-01
7.992834091186523438e+00,2.649968862533569336e-01
8.136185646057128906e+00,-6.099556684494018555e-01
7.265468120574951172e+00,-2.329928874969482422e+00
7.551801204681396484e+00,-2.072506904602050781e+00
5.895514965057373047e+00,1.289023518562316895e+00
5.914687633514404297e+00,1.203193902969360352e+00
6.515423774719238281e+00,1.420235276222229004e+00
6.012180805206298828e+00,1.277042269706726074e+00
6.514101028442382812e+00,1.479752421379089355e+00
6.174813747406005859e+00,1.104530453681945801e+00
6.083282947540283203e+00,1.143564939498901367e+00
6.223728656768798828e+00,9.912040829658508301e-01
6.199976444244384766e+00,1.044793844223022461e+00
5.959337234497070312e+00,1.143453359603881836e+00
6.422142982482910156e+00,1.563441514968872070e+00
5.998790264129638672e+00,1.232414245605468750e+00
5.951854705810546875e+00,1.266283512115478516e+00
6.135642528533935547e+00,1.094418525695800781e+00
6.342080116271972656e+00,9.073610305786132812e-01
6.037456035614013672e+00,1.121590495109558105e+00
6.004544258117675781e+00,1.428073763847351074e+00
6.220639705657958984e+00,1.702085971832275391e+00
6.142515659332275391e+00,1.102503299713134766e+00
6.000185489654541016e+00,1.333227396011352539e+00
5.954882621765136719e+00,1.298900008201599121e+00
8.294493675231933594e+00,-1.296037673950195312e+00
8.345328330993652344e+00,-1.315083742141723633e+00
8.257231712341308594e+00,-1.323201656341552734e+00
8.375962257385253906e+00,-1.248654246330261230e+00
9.411360740661621094e+00,2.659713500179350376e-04
9.519739151000976562e+00,5.628032982349395752e-02
9.452842712402343750e+00,-7.530757575295865536e-04
9.389259338378906250e+00,-9.459358453750610352e-02
9.376713752746582031e+00,-1.766097843647003174e-01
8.309755325317382812e+00,1.120982885360717773e+00
8.222045898437500000e+00,1.099003672599792480e+00
7.105992794036865234e+00,-1.496092557907104492e+00
1.166751766204833984e+01,-4.322196245193481445e-01
1.155916118621826172e+01,-1.622532904148101807e-01
1.126971340179443359e+01,-3.041138648986816406e-01
1.154282951354980469e+01,-1.005376130342483521e-01
1.157206439971923828e+01,-1.367279887199401855e-01
1.153642177581787109e+01,-1.449881792068481445e-01
8.698664665222167969e+00,5.942578315734863281e-01
8.412587165832519531e+00,6.201350316405296326e-02
8.708855628967285156e+00,5.694451332092285156e-01
5.656522750854492188e+00,-2.584380388259887695e+00
7.145115852355957031e+00,-6.522421240806579590e-01
8.208203315734863281e+00,-1.505092859268188477e+00
9.458177566528320312e+00,-6.628053784370422363e-01
8.213786125183105469e+00,-2.017153739929199219e+00
8.142559051513671875e+00,-1.681411385536193848e+00
9.494791030883789062e+00,3.986585617065429688e+00
8.127003669738769531e+00,-1.664004683494567871e+00
7.920186519622802734e+00,-1.567520141601562500e+00
9.533908843994140625e+00,3.401632070541381836e+00
9.617437362670898438e+00,3.495609521865844727e+00
9.583267211914062500e+00,3.364169359207153320e+00
8.386661529541015625e+00,9.957059621810913086e-01
8.475384712219238281e+00,9.947528243064880371e-01
8.508909225463867188e+00,9.805257916450500488e-01
8.466391563415527344e+00,1.092671394348144531e+00
8.460367202758789062e+00,9.876380562782287598e-01
8.468461036682128906e+00,1.016566038131713867e+00
8.438395500183105469e+00,1.041393756866455078e+00
8.415068626403808594e+00,1.048617482185363770e+00
8.372237205505371094e+00,1.111265659332275391e+00
8.147175788879394531e+00,1.079496145248413086e+00
8.379942893981933594e+00,1.042963266372680664e+00
9.291030883789062500e+00,-7.660810351371765137e-01
9.262022018432617188e+00,-9.141474366188049316e-01
9.361557006835937500e+00,-8.122466206550598145e-01
9.601335525512695312e+00,-4.574371576309204102e-01
7.345365524291992188e+00,-9.897408634424209595e-02
7.289654731750488281e+00,-1.812013983726501465e-02
7.341976165771484375e+00,9.140661568380892277e-04
9.052125930786132812e+00,-6.421694755554199219e-01
9.430300712585449219e+00,-5.873977541923522949e-01
8.991892814636230469e+00,-7.049100399017333984e-01
8.921934127807617188e+00,-6.653584837913513184e-01
9.117110252380371094e+00,-7.667405009269714355e-01
7.604526996612548828e+00,-2.350985407829284668e-01
7.270263195037841797e+00,2.854306437075138092e-02
7.043659210205078125e+00,1.237727105617523193e-01
7.459077358245849609e+00,-2.090299576520919800e-01
6.244576930999755859e+00,1.588977813720703125e+00
6.301618099212646484e+00,1.512969374656677246e+00
5.933054447174072266e+00,-1.287508368492126465e+00
6.624212741851806641e+00,-1.039106607437133789e+00
6.729933738708496094e+00,-6.025051474571228027e-01
6.287215709686279297e+00,1.065172195434570312e+00
6.491871833801269531e+00,2.910448312759399414e-01
6.033659934997558594e+00,1.291113853454589844e+00
6.161015987396240234e+00,-1.170262932777404785e+00
6.069291591644287109e+00,1.363401651382446289e+00
4.817230224609375000e+00,-1.828391075134277344e+00
6.720724105834960938e+00,-2.863942980766296387e-01
6.708571434020996094e+00,1.219501346349716187e-01
6.208153724670410156e+00,1.436085343360900879e+00
6.319611072540283203e+00,1.565595269203186035e+00
6.254692077636718750e+00,1.398110985755920410e+00
6.371199607849121094e+00,1.439348220825195312e+00
8.011647224426269531e+00,3.460235595703125000e-01
6.257386207580566406e+00,1.618094444274902344e+00
6.682417869567871094e+00,1.271992325782775879e-01
6.828494071960449219e+00,-2.002308219671249390e-01
6.486924648284912109e+00,-5.581684708595275879e-01
6.933636188507080078e+00,1.981723159551620483e-01
6.331367492675781250e+00,-6.841086149215698242e-01
6.066781520843505859e+00,-1.218668222427368164e+00
7.217505931854248047e+00,3.863771259784698486e-02
6.507068157196044922e+00,5.316350460052490234e-01
6.377130031585693359e+00,7.415007352828979492e-01
1.066733837127685547e+01,-1.489294290542602539e+00
6.709596157073974609e+00,7.079426944255828857e-02
7.941439628601074219e+00,5.454657673835754395e-01
7.462937831878662109e+00,-5.049563050270080566e-01
6.299581050872802734e+00,1.630694627761840820e+00
6.014425754547119141e+00,1.343311071395874023e+00
7.477670669555664062e+00,-2.721214592456817627e-01
6.079086303710937500e+00,-1.580958008766174316e+00
6.368411064147949219e+00,-7.101091742515563965e-01
6.885320663452148438e+00,-1.897435784339904785e-01
6.785952568054199219e+00,-2.552854716777801514e-01
6.314869403839111328e+00,-1.159948825836181641e+00
6.320272922515869141e+00,8.795632719993591309e-01
6.123776435852050781e+00,1.248190879821777344e+00
6.310584545135498047e+00,1.571600794792175293e+00
6.009093284606933594e+00,1.376336336135864258e+00
6.453164577484130859e+00,5.900737047195434570e-01
6.110724925994873047e+00,1.243058323860168457e+00
7.046152591705322266e+00,-7.413841038942337036e-02
5.999807357788085938e+00,1.330546140670776367e+00
6.464200019836425781e+00,-4.357923269271850586e-01
6.243483066558837891e+00,1.302446484565734863e+00
7.230391025543212891e+00,-1.914426237344741821e-01
6.585946559906005859e+00,1.881096884608268738e-02
7.237117767333984375e+00,-3.790313005447387695e-02
6.529702186584472656e+00,-4.632497727870941162e-01
6.571273803710937500e+00,-7.271870970726013184e-01
7.361987113952636719e+00,1.738912165164947510e-01
6.102607727050781250e+00,1.197364330291748047e+00
6.760028362274169922e+00,-2.552888095378875732e-01
6.676727294921875000e+00,3.203936517238616943e-01
6.203095912933349609e+00,-3.391386568546295166e-01
8.241897583007812500e+00,-2.218007087707519531e+00
8.482160568237304688e+00,-2.684514284133911133e+00
8.311223983764648438e+00,-9.183694124221801758e-01
8.256186485290527344e+00,-2.240940093994140625e+00
8.293341636657714844e+00,-2.319187164306640625e+00
9.490054130554199219e+00,-5.788610577583312988e-01
8.427278518676757812e+00,-1.226930379867553711e+00
8.140197753906250000e+00,-2.203938007354736328e+00
9.592699050903320312e+00,-4.689898788928985596e-01
9.583441734313964844e+00,-4.592806696891784668e-01
9.545308113098144531e+00,-5.351784229278564453e-01
9.509729385375976562e+00,-5.558587908744812012e-01
9.588804244995117188e+00,-5.167078375816345215e-01
9.512709617614746094e+00,-5.732533335685729980e-01
9.572452545166015625e+00,-5.350433588027954102e-01
9.496794700622558594e+00,-5.844106674194335938e-01
9.468896865844726562e+00,-6.098088026046752930e-01
8.003717422485351562e+00,5.481530427932739258e-01
7.813018798828125000e+00,-1.967443704605102539e+00
7.906872272491455078e+00,-1.419489979743957520e+00
7.780178070068359375e+00,-2.321497678756713867e+00
7.906260013580322266e+00,-1.646524906158447266e+00
7.679261684417724609e+00,-9.141523241996765137e-01
6.853376865386962891e+00,-1.963255852460861206e-01
6.336375236511230469e+00,-1.181269288063049316e+00
6.312139034271240234e+00,-7.438576817512512207e-01
7.748920917510986328e+00,-5.224465727806091309e-01
6.586360931396484375e+00,1.070709601044654846e-01
6.627858161926269531e+00,-1.345075607299804688e+00
6.386787891387939453e+00,-6.129083037376403809e-01
7.243513584136962891e+00,5.902402475476264954e-02
6.759788036346435547e+00,-3.036772310733795166e-01
1.085016632080078125e+01,-1.954126596450805664e+00
6.592427730560302734e+00,-5.234969258308410645e-01
7.096981048583984375e+00,-1.527451753616333008e+00
6.245625019073486328e+00,9.693946242332458496e-01
6.864615440368652344e+00,-1.302580595016479492e+00
7.113094329833984375e+00,-4.282194748520851135e-02
5.499529361724853516e+00,-1.134921073913574219e+00
7.812960147857666016e+00,-2.653697729110717773e+00
8.744445800781250000e+00,6.792160868644714355e-01
8.737504959106445312e+00,6.408563852310180664e-01
8.744056701660156250e+00,5.900558829307556152e-01
8.745496749877929688e+00,6.004361510276794434e-01
8.744651794433593750e+00,6.264679431915283203e-01
8.716369628906250000e+00,5.901873707771301270e-01
8.687322616577148438e+00,6.258518695831298828e-01
1.000041294097900391e+01,5.118039846420288086e-01
1.039389419555664062e+01,8.193871378898620605e-01
1.040314388275146484e+01,8.937003016471862793e-01
1.042175769805908203e+01,8.474977016448974609e-01
1.046437263488769531e+01,8.878672719001770020e-01
1.044554233551025391e+01,8.783354163169860840e-01
1.042781352996826172e+01,8.496574163436889648e-01
1.042865276336669922e+01,8.545556664466857910e-01
1.044084072113037109e+01,8.656514883041381836e-01
1.045084571838378906e+01,8.487311005592346191e-01
1.048292922973632812e+01,8.885633945465087891e-01
1.041572761535644531e+01,8.286105990409851074e-01
1.037520694732666016e+01,6.814808249473571777e-01
1.172390460968017578e+01,-3.707190752029418945e-01
1.157999038696289062e+01,-2.098190486431121826e-01
1.176146984100341797e+01,-5.559437870979309082e-01
1.170738792419433594e+01,-4.527559578418731689e-01
1.162537288665771484e+01,-9.626276046037673950e-02
1.161808586120605469e+01,-1.769611090421676636e-01
1.160739040374755859e+01,-2.225840687751770020e-01
1.152879333496093750e+01,1.050507500767707825e-01
1.156303596496582031e+01,9.154039621353149414e-02
1.150948333740234375e+01,2.181166112422943115e-01
1.161388778686523438e+01,-3.480338677763938904e-02
1.162360000610351562e+01,-2.110374122858047485e-01
1.171635627746582031e+01,-3.685650527477264404e-01
1.160269069671630859e+01,-1.682966202497482300e-01
1.179891872406005859e+01,-5.951311588287353516e-01
1.174548625946044922e+01,-5.523805022239685059e-01
1.178275203704833984e+01,-6.511289477348327637e-01
9.611340522766113281e+00,5.966723442077636719e+00
9.679276466369628906e+00,5.835753917694091797e+00
9.235054969787597656e+00,5.655550003051757812e+00
8.320789337158203125e+00,6.220745563507080078e+00
1.011550140380859375e+01,3.581709623336791992e+00
1.047143840789794922e+01,6.403055191040039062e+00
8.423709869384765625e+00,5.668743133544921875e+00
8.202348709106445312e+00,5.189821243286132812e+00
9.136423110961914062e+00,4.741263866424560547e+00
9.030698776245117188e+00,5.657025814056396484e+00
7.963846683502197266e+00,5.923869132995605469e+00
9.308002471923828125e+00,5.222618103027343750e+00
1.066333580017089844e+01,6.266733646392822266e+00
9.973522186279296875e+00,5.338409900665283203e+00
9.696574211120605469e+00,5.981015205383300781e+00
8.972178459167480469e+00,5.332309722900390625e+00
7.792899131774902344e+00,7.966793537139892578e+00
9.278895378112792969e+00,5.103923797607421875e+00
9.276767730712890625e+00,5.235763072967529297e+00
9.528965950012207031e+00,5.670444011688232422e+00
1.004462146759033203e+01,5.234824180603027344e+00
8.601236343383789062e+00,5.366371631622314453e+00
8.612429618835449219e+00,5.913759708404541016e+00
1.036678886413574219e+01,6.315519809722900391e+00
8.188275337219238281e+00,7.203365802764892578e+00
1.024700069427490234e+01,3.172443866729736328e+00
7.845396041870117188e+00,7.905956745147705078e+00
1.046129703521728516e+01,6.262343406677246094e+00
1.037208080291748047e+01,3.298228263854980469e+00
7.730890750885009766e+00,4.991952896118164062e+00
7.781312465667724609e+00,5.040407180786132812e+00
1.009303188323974609e+01,3.540331125259399414e+00
9.200018882751464844e+00,5.636386394500732422e+00
1.056459808349609375e+01,6.365782260894775391e+00
8.104480743408203125e+00,5.830703735351562500e+00
8.291635513305664062e+00,5.802165508270263672e+00
7.763082504272460938e+00,7.932541370391845703e+00
9.682295799255371094e+00,4.841541290283203125e+00
1.025336360931396484e+01,3.504092216491699219e+00
1.012043190002441406e+01,5.249499320983886719e+00
8.831739425659179688e+00,6.055326461791992188e+00
1.018666267395019531e+01,6.247007369995117188e+00
1.012807559967041016e+01,3.391647338867187500e+00
8.371310234069824219e+00,5.350530147552490234e+00
9.717442512512207031e+00,3.765076160430908203e+00
8.498988151550292969e+00,5.360335350036621094e+00
8.821709632873535156e+00,5.317714214324951172e+00
9.211940765380859375e+00,5.388345718383789062e+00
7.907858371734619141e+00,6.031765341758728027e-01
8.946922302246093750e+00,5.591920375823974609e+00
8.644799232482910156e+00,5.384356021881103516e+00
7.769509792327880859e+00,7.878959655761718750e+00
8.310192108154296875e+00,6.963497161865234375e+00
8.209101676940917969e+00,7.169512748718261719e+00
1.013258361816406250e+01,3.403760671615600586e+00
1.066120338439941406e+01,6.417957305908203125e+00
8.619586944580078125e+00,5.196010112762451172e+00
7.617825984954833984e+00,4.930088043212890625e+00
7.596785545349121094e+00,4.948192596435546875e+00
7.625579833984375000e+00,4.931347846984863281e+00
7.589259624481201172e+00,4.909337520599365234e+00
7.568432331085205078e+00,4.906583309173583984e+00
7.604154586791992188e+00,4.941124439239501953e+00
1.037185764312744141e+01,3.263772487640380859e+00
8.549996376037597656e+00,5.536340713500976562e+00
7.143953323364257812e+00,1.284998953342437744e-01
1.015449714660644531e+01,3.379531860351562500e+00
8.268877983093261719e+00,5.381915092468261719e+00
1.048340606689453125e+01,6.320641994476318359e+00
1.034515476226806641e+01,3.229397773742675781e+00
8.376338958740234375e+00,5.420178890228271484e+00
8.751085281372070312e+00,5.296819210052490234e+00
7.794338226318359375e+00,7.900054931640625000e+00
9.380479812622070312e+00,5.961129188537597656e+00
7.792554855346679688e+00,7.880570411682128906e+00
1.018362617492675781e+01,3.415152788162231445e+00
8.809056282043457031e+00,5.496004104614257812e+00
7.806643962860107422e+00,7.902573108673095703e+00
7.802251338958740234e+00,7.903739929199218750e+00
8.763150215148925781e+00,5.415277004241943359e+00
8.254833221435546875e+00,4.961591720581054688e+00
7.799595832824707031e+00,7.905710697174072266e+00
8.362524032592773438e+00,5.476897239685058594e+00
9.852668762207031250e+00,5.418563365936279297e+00
8.797896385192871094e+00,4.483190059661865234e+00
6.407517910003662109e+00,1.853435516357421875e+00
7.824895381927490234e+00,7.863548755645751953e+00
9.248700141906738281e+00,5.335721015930175781e+00
1.033180046081542969e+01,3.261202335357666016e+00
8.150511741638183594e+00,5.249932289123535156e+00
9.257332801818847656e+00,4.625764369964599609e+00
1.008534812927246094e+01,5.217962265014648438e+00
9.197732925415039062e+00,5.540285110473632812e+00
7.677871704101562500e+00,8.091090202331542969e+00
9.114138603210449219e+00,4.755569934844970703e+00
1.061467742919921875e+01,6.370090007781982422e+00
1.026963806152343750e+01,3.053976058959960938e+00
8.732260704040527344e+00,5.213013648986816406e+00
1.003890037536621094e+01,6.134601116180419922e+00
8.873931884765625000e+00,4.616094589233398438e+00
8.750123977661132812e+00,5.506253242492675781e+00
9.888775825500488281e+00,5.382640361785888672e+00
8.206499099731445312e+00,5.318530559539794922e+00
1.028750991821289062e+01,3.173062324523925781e+00
8.088320732116699219e+00,5.131295204162597656e+00
8.469219207763671875e+00,5.570123672485351562e+00
8.399573326110839844e+00,6.214159965515136719e+00
1.051670360565185547e+01,6.298333644866943359e+00
8.103539466857910156e+00,5.894324302673339844e+00
9.395110130310058594e+00,4.625350952148437500e+00
1.070287418365478516e+01,6.407687187194824219e+00
7.760649681091308594e+00,7.827172279357910156e+00
1.021567630767822266e+01,3.508855104446411133e+00
9.570099830627441406e+00,4.720279216766357422e+00
1.009643840789794922e+01,3.468126535415649414e+00
7.743470191955566406e+00,7.832909107208251953e+00
8.021210670471191406e+00,5.933021068572998047e+00
9.254106521606445312e+00,5.271195888519287109e+00
1.012414550781250000e+01,3.697806119918823242e+00
7.881470203399658203e+00,7.944385528564453125e+00
8.290069580078125000e+00,5.200968265533447266e+00
8.804060935974121094e+00,4.955658912658691406e+00
1.010990905761718750e+01,3.315112113952636719e+00
9.500541687011718750e+00,4.979588508605957031e+00
1.014899730682373047e+01,6.186370849609375000e+00
7.819078922271728516e+00,7.854464530944824219e+00
9.035295486450195312e+00,4.686470508575439453e+00
9.140111923217773438e+00,5.360754966735839844e+00
1.057128906250000000e+01,6.341489791870117188e+00
9.019522666931152344e+00,4.639164447784423828e+00
8.931957244873046875e+00,5.551080703735351562e+00
8.411323547363281250e+00,5.639511108398437500e+00
1.035342216491699219e+01,3.230713129043579102e+00
7.909626960754394531e+00,7.965033531188964844e+00
1.004842281341552734e+01,5.682426929473876953e+00
8.327759742736816406e+00,5.467652320861816406e+00
1.073636150360107422e+01,6.453599929809570312e+00
1.046555900573730469e+01,6.155594348907470703e+00
1.021735763549804688e+01,5.330911159515380859e+00
1.020444965362548828e+01,5.979926586151123047e+00
1.053310489654541016e+01,6.354195594787597656e+00
1.069963455200195312e+01,6.381449699401855469e+00
9.637802124023437500e+00,6.074621200561523438e+00
9.037898063659667969e+00,5.011153697967529297e+00
9.710518836975097656e+00,5.712545871734619141e+00
1.044040012359619141e+01,6.411710739135742188e+00
8.250826835632324219e+00,6.245741367340087891e+00
1.017482185363769531e+01,6.092002868652343750e+00
1.010635185241699219e+01,5.423419475555419922e+00
7.812741756439208984e+00,7.932756900787353516e+00
9.465065956115722656e+00,5.938737869262695312e+00
8.102135658264160156e+00,5.207304954528808594e+00
1.035083389282226562e+01,6.082195281982421875e+00
9.497384071350097656e+00,4.533668518066406250e+00
9.693300247192382812e+00,5.979467868804931641e+00
8.443260192871093750e+00,6.865967750549316406e+00
8.440088272094726562e+00,5.112704277038574219e+00
8.949756622314453125e+00,5.998197078704833984e+00
9.738182067871093750e+00,5.957239627838134766e+00
8.964075088500976562e+00,5.532543659210205078e+00
1.016833400726318359e+01,5.182229518890380859e+00
9.211322784423828125e+00,5.408651351928710938e+00
1.062274074554443359e+01,6.388281345367431641e+00
9.319858551025390625e+00,5.382082462310791016e+00
1.004153633117675781e+01,-2.102868318557739258e+00
1.047910976409912109e+01,6.206235885620117188e+00
8.623228073120117188e+00,5.837131977081298828e+00
1.022200489044189453e+01,6.259891033172607422e+00
9.017031669616699219e+00,5.727625370025634766e+00
8.205898284912109375e+00,5.298070430755615234e+00
8.734786033630371094e+00,5.071869850158691406e+00
9.496707916259765625e+00,4.755692958831787109e+00
9.193819046020507812e+00,5.040650367736816406e+00
1.012463569641113281e+01,6.205934047698974609e+00
1.031259822845458984e+01,6.024132251739501953e+00
8.653509140014648438e+00,5.113168239593505859e+00
7.788544654846191406e+00,7.896059036254882812e+00
1.053473377227783203e+01,6.387078762054443359e+00
1.031386661529541016e+01,6.177172660827636719e+00
9.444835662841796875e+00,5.907940387725830078e+00
9.408464431762695312e+00,5.936736106872558594e+00
1.017115879058837891e+01,5.287772655487060547e+00
7.847702026367187500e+00,7.861316204071044922e+00
1.033570575714111328e+01,3.218710660934448242e+00
1.008433723449707031e+01,3.462649106979370117e+00
9.572919845581054688e+00,5.235356330871582031e+00
8.728881835937500000e+00,5.764489173889160156e+00
1.013427066802978516e+01,5.230188846588134766e+00
9.571617126464843750e+00,4.878646373748779297e+00
8.719327926635742188e+00,5.195277690887451172e+00
8.969437599182128906e+00,5.667859554290771484e+00
8.180047988891601562e+00,5.194138526916503906e+00
8.146545410156250000e+00,5.250869274139404297e+00
8.746926307678222656e+00,4.740005970001220703e+00
8.144650459289550781e+00,5.211848735809326172e+00
9.920425415039062500e+00,6.244602203369140625e+00
8.096957206726074219e+00,5.264423847198486328e+00
9.389379501342773438e+00,4.570608615875244141e+00
8.544801712036132812e+00,5.351709365844726562e+00
7.798402786254882812e+00,7.883772373199462891e+00
1.054819202423095703e+01,6.392210960388183594e+00
8.420598983764648438e+00,5.649022579193115234e+00
8.802373886108398438e+00,5.539556026458740234e+00
6.285618305206298828e+00,1.050831437110900879e+00
9.097304344177246094e+00,4.838698863983154297e+00
7.946970462799072266e+00,5.971934318542480469e+00
1.056961059570312500e+01,6.294962406158447266e+00
7.764179229736328125e+00,7.914210796356201172e+00
1.009718799591064453e+01,3.714740276336669922e+00
8.346963882446289062e+00,5.692083835601806641e+00
9.267363548278808594e+00,5.178099155426025391e+00
1.034430599212646484e+01,3.494916439056396484e+00
1.037996864318847656e+01,6.125755310058593750e+00
8.970063209533691406e+00,5.745578289031982422e+00
1.065250587463378906e+01,6.388686656951904297e+00
8.551014900207519531e+00,5.464966773986816406e+00
1.033189105987548828e+01,3.295434474945068359e+00
9.264452934265136719e+00,5.306115627288818359e+00
9.131380081176757812e+00,4.663724899291992188e+00
1.016495227813720703e+01,5.283370971679687500e+00
8.037285804748535156e+00,5.809660911560058594e+00
8.601776123046875000e+00,5.904202461242675781e+00
8.206616401672363281e+00,7.171838760375976562e+00
9.695541381835937500e+00,4.885653972625732422e+00
8.262630462646484375e+00,5.729671478271484375e+00
8.905641555786132812e+00,4.708374023437500000e+00
1.015583515167236328e+01,6.026833534240722656e+00
9.856767654418945312e+00,5.609552383422851562e+00
1.010614490509033203e+01,5.185978412628173828e+00
8.923640251159667969e+00,5.634742736816406250e+00
1.017997646331787109e+01,5.674099922180175781e+00
1.014890670776367188e+01,3.384437084197998047e+00
1.034587097167968750e+01,6.462647438049316406e+00
1.021257686614990234e+01,6.202643394470214844e+00
8.633992195129394531e+00,5.589663982391357422e+00
7.850838661193847656e+00,7.939469814300537109e+00
1.005390548706054688e+01,3.533031463623046875e+00
7.776881694793701172e+00,7.868254661560058594e+00
8.508121490478515625e+00,5.283585071563720703e+00
1.043309116363525391e+01,6.296889781951904297e+00
9.256827354431152344e+00,4.543550014495849609e+00
1.023260498046875000e+01,3.551355123519897461e+00
1.077502536773681641e+01,6.430801391601562500e+00
1.018045711517333984e+01,3.374503612518310547e+00
7.927010536193847656e+00,5.894141197204589844e+00
8.320080757141113281e+00,6.199464321136474609e+00
8.444700241088867188e+00,5.324092864990234375e+00
8.338524818420410156e+00,6.174607753753662109e+00
7.797333717346191406e+00,7.931447505950927734e+00
9.483099937438964844e+00,4.718114852905273438e+00
7.715512752532958984e+00,4.992925167083740234e+00
8.705384254455566406e+00,4.896799564361572266e+00
8.591781616210937500e+00,5.379863739013671875e+00
8.595898628234863281e+00,5.463858127593994141e+00
8.693648338317871094e+00,4.952064514160156250e+00
1.020202827453613281e+01,3.514137983322143555e+00
8.125192642211914062e+00,5.178853988647460938e+00
1.018883132934570312e+01,3.577393770217895508e+00
9.342673301696777344e+00,5.268272876739501953e+00
1.036910343170166016e+01,3.256939888000488281e+00
1.034183788299560547e+01,6.173924446105957031e+00
8.243927955627441406e+00,7.101551532745361328e+00
7.712787151336669922e+00,7.826218605041503906e+00
1.044921207427978516e+01,6.261461734771728516e+00
8.776351928710937500e+00,6.382930278778076172e+00
8.224344253540039062e+00,4.867383956909179688e+00
1.021098709106445312e+01,3.366061687469482422e+00
8.802604675292968750e+00,5.899688720703125000e+00
8.705002784729003906e+00,5.549334049224853516e+00
1.065169620513916016e+01,6.392834663391113281e+00
1.042838859558105469e+01,6.259614944458007812e+00
8.913053512573242188e+00,5.987239837646484375e+00
1.076820373535156250e+01,6.425209522247314453e+00
1.050133514404296875e+01,6.289587974548339844e+00
8.733395576477050781e+00,5.778787136077880859e+00
1.003256797790527344e+01,5.473335742950439453e+00
9.404783248901367188e+00,5.563116073608398438e+00
9.625063896179199219e+00,4.811105251312255859e+00
7.845628261566162109e+00,7.792072772979736328e+00
1.035194301605224609e+01,6.237429618835449219e+00
9.304692268371582031e+00,5.923060417175292969e+00
8.426538467407226562e+00,6.157127380371093750e+00
9.593296051025390625e+00,5.466097831726074219e+00
7.791627407073974609e+00,7.856411457061767578e+00
8.687299728393554688e+00,4.448192119598388672e+00
8.495838165283203125e+00,4.144500255584716797e+00
8.811939239501953125e+00,5.129196643829345703e+00
1.012995910644531250e+01,3.638867855072021484e+00
8.453636169433593750e+00,6.160418987274169922e+00
1.010913848876953125e+01,3.389970779418945312e+00
8.463795661926269531e+00,5.666767597198486328e+00
7.992874145507812500e+00,5.143082141876220703e+00
8.180521011352539062e+00,5.127774238586425781e+00
1.031511783599853516e+01,6.309090614318847656e+00
1.001491069793701172e+01,3.448897123336791992e+00
9.108800888061523438e+00,4.562612056732177734e+00
1.040207958221435547e+01,6.083528518676757812e+00
7.831146240234375000e+00,8.567218184471130371e-01
8.555685043334960938e+00,4.731140136718750000e+00
8.608195304870605469e+00,5.107800960540771484e+00
8.488752365112304688e+00,5.115990161895751953e+00
7.602338314056396484e+00,6.677131056785583496e-01
7.702717781066894531e+00,4.996956825256347656e+00
6.683128356933593750e+00,1.222239971160888672e+00
6.802493572235107422e+00,1.539799571037292480e+00
1.357549953460693359e+01,1.235438227653503418e+00
8.300719261169433594e+00,-6.362031698226928711e-01
1.353009319305419922e+01,1.198310971260070801e+00
1.345328044891357422e+01,1.141612887382507324e+00
1.359750843048095703e+01,1.256479978561401367e+00
1.364667224884033203e+01,1.307281494140625000e+00
1.357919883728027344e+01,1.240775823593139648e+00
1.358452606201171875e+01,1.245458722114562988e+00
1.360281276702880859e+01,1.254060745239257812e+00
1.354841518402099609e+01,1.225545287132263184e+00
1.363872146606445312e+01,1.297089934349060059e+00
1.357947158813476562e+01,1.239800572395324707e+00
1.359449386596679688e+01,1.254198789596557617e+00
1.360953235626220703e+01,1.269034981727600098e+00
1.355409622192382812e+01,1.213356256484985352e+00
1.357205867767333984e+01,1.243148088455200195e+00
8.279439926147460938e+00,5.761466622352600098e-01
8.381772041320800781e+00,9.481940269470214844e-01
8.348484992980957031e+00,9.163764119148254395e-01
7.176917552947998047e+00,-1.720106840133666992e+00
7.897812843322753906e+00,5.852122306823730469e-01
7.108118534088134766e+00,-2.270499467849731445e+00
7.079941272735595703e+00,-2.313151597976684570e+00
9.862495422363281250e+00,4.782119750976562500e+00
9.797596931457519531e+00,4.435702323913574219e+00
4.191391944885253906e+00,-1.431566357612609863e+00
4.137569427490234375e+00,-1.504202246665954590e+00
4.147228717803955078e+00,-1.480968832969665527e+00
4.199005126953125000e+00,-1.482510089874267578e+00
4.129507541656494141e+00,-1.542405366897583008e+00
8.236148834228515625e+00,-1.346646785736083984e+00
8.286253929138183594e+00,-1.267062187194824219e+00
9.716012001037597656e+00,3.313535451889038086e+00
9.728964805603027344e+00,3.429259061813354492e+00
7.803067207336425781e+00,-3.485924601554870605e-01
7.515351772308349609e+00,-1.231984645128250122e-01
7.931429862976074219e+00,-2.659159898757934570e-01
8.338052749633789062e+00,-8.487416505813598633e-01
7.790109634399414062e+00,-3.356786072254180908e-01
8.066586494445800781e+00,-4.036421775817871094e-01
8.206248283386230469e+00,-4.120378494262695312e+00
7.381389617919921875e+00,-3.900255560874938965e-01
7.411270141601562500e+00,-3.160109221935272217e-01
6.064213275909423828e+00,-1.482791423797607422e+00
8.033802032470703125e+00,-3.987688720226287842e-01
8.169766426086425781e+00,-1.019658207893371582e+00
8.969512939453125000e+00,-1.979923486709594727e+00
8.978159904479980469e+00,-1.968497633934020996e+00
9.047188758850097656e+00,-1.928605794906616211e+00
8.947973251342773438e+00,-1.981487393379211426e+00
8.973370552062988281e+00,-2.015447854995727539e+00
8.993651390075683594e+00,-1.967225790023803711e+00
8.907419204711914062e+00,-1.892605543136596680e+00
8.919292449951171875e+00,-1.942060112953186035e+00
8.906311988830566406e+00,-1.920724630355834961e+00
8.938599586486816406e+00,-1.918091416358947754e+00
8.915639877319335938e+00,-1.892832636833190918e+00
8.954191207885742188e+00,-2.037216663360595703e+00
8.987351417541503906e+00,-1.980648994445800781e+00
8.910101890563964844e+00,-1.933103084564208984e+00
8.226686477661132812e+00,4.402070641517639160e-01
8.234764099121093750e+00,5.068164467811584473e-01
1.019801330566406250e+01,6.751212477684020996e-01
1.014918994903564453e+01,6.683924198150634766e-01
1.021764564514160156e+01,7.181884050369262695e-01
8.575278282165527344e+00,5.583768486976623535e-01
6.943370819091796875e+00,-1.318112969398498535e+00
8.800204277038574219e+00,4.188063144683837891e-01
8.804157257080078125e+00,3.690980672836303711e-01
8.796294212341308594e+00,2.907340526580810547e-01
8.778374671936035156e+00,3.130598962306976318e-01
-9.909785985946655273e-01,1.138731575012207031e+01
-9.990988969802856445e-01,1.139509963989257812e+01
9.094473838806152344e+00,-6.494749188423156738e-01
6.222653865814208984e+00,-8.261175155639648438e-01
6.343688488006591797e+00,-1.015397071838378906e+00
6.247518539428710938e+00,-8.375121355056762695e-01
5.683070182800292969e+00,-1.975639224052429199e+00
6.311638355255126953e+00,-7.411231994628906250e-01
6.731880664825439453e+00,-3.282659351825714111e-01
1.000503540039062500e+01,-2.134163856506347656e+00
1.002246379852294922e+01,-2.150442123413085938e+00
9.963840484619140625e+00,-2.231623888015747070e+00
1.005105590820312500e+01,-2.115947008132934570e+00
9.982186317443847656e+00,-2.213969945907592773e+00
9.954873085021972656e+00,8.655335307121276855e-01
1.002366828918457031e+01,8.933925032615661621e-01
9.964454650878906250e+00,9.734124541282653809e-01
9.870203018188476562e+00,6.492868065834045410e-01
9.491155624389648438e+00,4.107183933258056641e+00
9.902519226074218750e+00,5.657125115394592285e-01
9.938146591186523438e+00,7.189140319824218750e-01
-1.016992568969726562e+00,1.141116809844970703e+01
-7.951148152351379395e-01,1.119202041625976562e+01
-9.841290712356567383e-01,1.138012695312500000e+01
-9.089131355285644531e-01,1.130559825897216797e+01
-8.771513104438781738e-01,1.127402496337890625e+01
-8.205412626266479492e-01,1.121729850769042969e+01
-8.915116786956787109e-01,1.128822517395019531e+01
-8.147877454757690430e-01,1.121145343780517578e+01
-8.808156251907348633e-01,1.127758598327636719e+01
-7.456242442131042480e-01,1.114243602752685547e+01
-8.340895771980285645e-01,1.123091220855712891e+01
-8.099685907363891602e-01,1.120661163330078125e+01
-8.182646632194519043e-01,1.121486186981201172e+01
-9.550791978836059570e-01,1.135144424438476562e+01
-9.170144796371459961e-01,1.131345558166503906e+01
-9.927479028701782227e-01,1.139137363433837891e+01
-9.136562943458557129e-01,1.131160163879394531e+01
-9.920337796211242676e-01,1.138838577270507812e+01
-8.110826611518859863e-01,1.120765686035156250e+01
-9.031386971473693848e-01,1.129971599578857422e+01
-8.018280267715454102e-01,1.119883155822753906e+01
-8.119180798530578613e-01,1.120889377593994141e+01
-8.075403571128845215e-01,1.120436477661132812e+01
-7.834529876708984375e-01,1.118029212951660156e+01
-9.203217029571533203e-01,1.131712245941162109e+01
-8.597168326377868652e-01,1.125650119781494141e+01
-8.249562978744506836e-01,1.122170639038085938e+01
-9.231727123260498047e-01,1.131954193115234375e+01
-9.052001833915710449e-01,1.130175685882568359e+01
-9.699444770812988281e-01,1.136625576019287109e+01
8.763702392578125000e+00,-1.439445853233337402e+00
8.784886360168457031e+00,-1.470171093940734863e+00
8.728700637817382812e+00,-1.435358881950378418e+00
6.544333457946777344e+00,-5.075134634971618652e-01
6.835462570190429688e+00,-4.732972979545593262e-01
7.469508647918701172e+00,-9.039490222930908203e-01
8.584083557128906250e+00,-1.000804543495178223e+00
8.755983352661132812e+00,-1.155756592750549316e+00
7.199556827545166016e+00,-4.900847971439361572e-01
6.972556114196777344e+00,-5.335267186164855957e-01
6.427121639251708984e+00,-7.308996319770812988e-01
6.447531700134277344e+00,-6.496208906173706055e-01
6.778697967529296875e+00,-3.665957152843475342e-01
6.279143333435058594e+00,-6.358882188796997070e-01
9.064821243286132812e+00,-1.557556748390197754e+00
9.211995124816894531e+00,-1.736007571220397949e+00
9.185469627380371094e+00,-1.720103025436401367e+00
6.706031322479248047e+00,3.207396715879440308e-02
6.223961830139160156e+00,-8.243783116340637207e-01
